Fecha_Hora,Demanda_MW,Generacion_Solar_MW,Margen_Reserva_MW,Precio_Gas_Euros_MWh,Precio_CO2_Euros_Ton,Precio_Pool_Euros_MWh
2026-06-01 00:00:00,170.99191447203685,0.0,170.99191447203685,35.45631717745543,69.7181119905247,99.9747486447694
2026-06-01 01:00:00,180.28610868790747,0.0,180.28610868790747,35.38258787198226,69.73142074148427,102.46014372493433
2026-06-01 02:00:00,173.12001839107677,0.0,173.12001839107677,35.5588592070596,69.67278712735904,100.9640959066434
2026-06-01 03:00:00,183.3477897020608,0.0,183.3477897020608,35.6422835663009,70.00570411036713,114.8737848736927
2026-06-01 04:00:00,183.8715516854355,0.0,183.8715516854355,36.26692539466224,70.25611600962127,118.00236755858323
2026-06-01 05:00:00,194.65484570434958,0.0,194.65484570434958,36.27661128947154,70.06992808620392,280.13437273256795
2026-06-01 06:00:00,210.83495017026357,19.76315271731143,191.07179745295213,36.27467608257423,70.15559597142206,205.46927596489877
2026-06-01 07:00:00,224.1282332425631,57.893252214396924,166.2349810281662,36.151744668312894,70.25306554762464,108.86366131926547
2026-06-01 08:00:00,232.3756062066194,79.83856527827136,152.53704092834806,36.63105323681531,69.96745029273598,98.28947633072445
2026-06-01 09:00:00,233.16081202635945,87.5601567661903,145.60065526016916,36.192141210403406,69.92327449482354,97.5156632436096
2026-06-01 10:00:00,254.5200918962947,105.6395713754905,148.8805205208042,35.932587672499395,69.78373075177038,99.98593551571676
2026-06-01 11:00:00,266.7282600267856,116.72104208929724,150.00721793748838,35.54055295489281,69.3481487233956,102.17656613738008
2026-06-01 12:00:00,268.41379185687805,113.55104992796736,154.86274192891068,36.059873794576525,69.1027208591136,99.41800212122116
2026-06-01 13:00:00,272.2810063974556,117.00826607822223,155.27274031923338,36.81248000280907,69.40119507827853,99.6062469628022
2026-06-01 14:00:00,269.6487552247855,105.23202690394592,164.41672832083955,37.03500284899756,69.56203272846362,98.98531330883726
2026-06-01 15:00:00,256.1262294698898,92.39365043095127,163.73257903893852,36.83709280489005,69.84570914102876,100.12623047094203
2026-06-01 16:00:00,259.7694247902512,68.20662533913847,191.56279945111274,37.03311596269254,69.75241264543075,223.1435040449403
2026-06-01 17:00:00,242.09959168029866,46.569027412985875,195.5305642673128,36.526306449244935,70.08178968765915,312.71230938378176
2026-06-01 18:00:00,230.43312573537804,25.454772217716595,204.97835351766145,36.833747821900836,69.85118378298033,596.1032892097
2026-06-01 19:00:00,222.95476647228762,2.0418472422869636,220.91291923000065,37.73411462559407,70.12464747980141,1293.547405060624
2026-06-01 20:00:00,203.40096649260965,0.0,203.40096649260965,37.9498211221758,70.29439153603015,543.4030857706298
2026-06-01 21:00:00,196.3087773068578,0.0,196.3087773068578,38.083497886981476,70.29686129610876,334.0145260787144
2026-06-01 22:00:00,180.36568304559356,0.0,180.36568304559356,37.56940210454781,70.07215544591473,103.90187720930446
2026-06-01 23:00:00,175.7611002492626,0.0,175.7611002492626,38.06892190461846,70.16986633391151,104.39695522892261
2026-06-02 00:00:00,169.83627723837185,0.0,169.83627723837185,38.29464233155012,70.12705668076327,101.71052690354506
2026-06-02 01:00:00,167.69014516670512,0.0,167.69014516670512,38.384418937446654,70.02833226041439,108.93540577700003
2026-06-02 02:00:00,167.62137816452466,0.0,167.62137816452466,38.05018767632047,69.81526593078395,97.19886555117499
2026-06-02 03:00:00,176.47311329821108,0.0,176.47311329821108,38.16608463931051,69.96126756589739,105.38684078909404
2026-06-02 04:00:00,185.25129982219423,0.0,185.25129982219423,37.54842370169646,69.8337748301413,131.06583952045108
2026-06-02 05:00:00,199.62976389761252,0.0,199.62976389761252,38.03730680728337,70.27091708454891,433.97540708251455
2026-06-02 06:00:00,204.18994926347415,35.967168798021646,168.2227804654525,38.11026952271116,70.27447053167768,103.87618674573163
2026-06-02 07:00:00,220.2635155502298,54.22399220955182,166.039523340678,38.027396898799715,70.26169952096598,102.95647615968501
2026-06-02 08:00:00,243.97750518970628,78.66621252008642,165.31129266961986,37.922423993504125,70.23440234962224,98.39972725137143
2026-06-02 09:00:00,246.95910934737032,102.4925656689665,144.4665436784038,38.06190472497596,70.6163101507833,108.53885473076352
2026-06-02 10:00:00,257.76890619795495,118.46624284670969,139.30266335124526,37.25120751491069,70.81803478997467,105.74130470785865
2026-06-02 11:00:00,265.46794029475376,116.91601913151757,148.5519211632362,37.42362140302035,70.61845046943988,109.3274937561076
2026-06-02 12:00:00,259.7748328433582,121.26299741582822,138.51183542752995,36.76282725682598,71.03976578979162,102.58541682566029
2026-06-02 13:00:00,268.7804596682549,126.03299161332393,142.74746805493095,36.81199640525057,71.2388561796969,104.6339550886991
2026-06-02 14:00:00,257.59777235803267,109.62969701198506,147.9680753460476,36.88599469203494,71.03396864354048,96.20972842597264
2026-06-02 15:00:00,267.60788345444223,90.23395866900836,177.37392478543387,36.528611348172184,70.89511000499228,103.4405926732457
2026-06-02 16:00:00,263.8567610475154,77.55234543560039,186.30441561191503,36.488231463877526,70.98600580981305,144.42152352065582
2026-06-02 17:00:00,242.3560759845038,50.190955479061536,192.16512050544227,36.11814189961723,70.90290237898117,232.75529327780777
2026-06-02 18:00:00,241.75834184236908,31.73195383895649,210.0263880034126,36.46581584839223,71.31082168886451,786.2066620980509
2026-06-02 19:00:00,214.3919608624734,0.0,214.3919608624734,36.35270778560187,71.24472961329843,982.4541297810384
2026-06-02 20:00:00,201.09937691072878,0.0,201.09937691072878,35.83321017045182,71.45313702643844,460.4323993611183
2026-06-02 21:00:00,197.7636595887528,0.0,197.7636595887528,35.50879992694287,71.20590452142744,363.90378030463245
2026-06-02 22:00:00,180.56475619634455,0.0,180.56475619634455,35.41683156198823,71.16815650082442,101.14987173622536
2026-06-02 23:00:00,174.2154955646368,0.0,174.2154955646368,35.43524202910837,71.40438418150805,101.6028853906785
2026-06-03 00:00:00,177.13483650208045,0.0,177.13483650208045,35.46108492337845,71.23412891125723,102.2478172743203
2026-06-03 01:00:00,165.1266236166092,0.0,165.1266236166092,35.83309306985154,71.25528768089873,103.77421351648277
2026-06-03 02:00:00,170.29302959599366,0.0,170.29302959599366,36.64137306082019,71.36089309630685,105.55606964756939
2026-06-03 03:00:00,176.11265906108946,0.0,176.11265906108946,36.65763482524118,71.30555455872653,104.940194361921
2026-06-03 04:00:00,186.5373972724767,0.0,186.5373972724767,36.376226135476806,71.30048454485969,142.62662068708082
2026-06-03 05:00:00,198.66097323589136,0.0,198.66097323589136,37.04441850152861,71.20540634726572,390.81455007825247
2026-06-03 06:00:00,206.5411925717897,25.820115164491643,180.72107740729805,37.72272899867267,71.01325333914384,108.90831850222325
2026-06-03 07:00:00,214.00646859921272,55.71265766790071,158.293810931312,37.393813101576406,70.91176975206146,108.42390200314514
2026-06-03 08:00:00,237.99113013652234,73.01017094537247,164.98095919114988,38.317153501135735,70.89833683043024,114.85161122025868
2026-06-03 09:00:00,259.3768016493711,93.05958267914654,166.31721897022453,38.20733592544372,70.9364232625211,112.81320987912795
2026-06-03 10:00:00,259.4569022774019,108.13676767847294,151.32013459892897,38.55035316064615,70.85523161926052,107.87836992952072
2026-06-03 11:00:00,266.10432771889447,120.19479618694072,145.90953153195375,37.76399718247359,70.99874170600918,106.99467616694878
2026-06-03 12:00:00,266.4180803178995,115.26248614239292,151.15559417550662,37.64029650706115,71.46699358145425,105.34542042768362
2026-06-03 13:00:00,268.73947850679593,120.52492125159966,148.21455725519627,38.104554382608136,71.44885859062488,109.66509126369145
2026-06-03 14:00:00,261.3482240785945,103.74277163154507,157.60545244704946,37.52212918113953,71.13227369044678,97.71187170324791
2026-06-03 15:00:00,266.3879315734912,98.02602770163504,168.36190387185616,37.24264192143046,70.8888976612516,110.62984049349743
2026-06-03 16:00:00,254.6764038204928,73.29890947835689,181.3774943421359,37.624061413434944,71.13209751809855,105.11071896602141
2026-06-03 17:00:00,251.4395247838714,42.98257462274233,208.45695016112907,37.6941357212394,71.40555886052351,720.3929859961314
2026-06-03 18:00:00,227.75598026825395,28.404391891873786,199.35158837638016,37.67111994602999,71.5823831266418,418.6364549273908
2026-06-03 19:00:00,226.82166068822613,0.0,226.82166068822613,37.503380035788226,71.61429153246294,1629.3412475054797
2026-06-03 20:00:00,205.5092645618044,0.0,205.5092645618044,37.43813178600205,71.5861671589003,612.4586791358817
2026-06-03 21:00:00,191.94441440536977,0.0,191.94441440536977,38.115193342882115,71.56225093080867,232.20008078200624
2026-06-03 22:00:00,182.22913205239135,0.0,182.22913205239135,38.058300744731724,72.08785947097569,109.39897835751641
2026-06-03 23:00:00,173.65381137292607,0.0,173.65381137292607,38.203351915806365,71.91399339588743,104.6441933789676
2026-06-04 00:00:00,161.26203219731119,0.0,161.26203219731119,38.498576910392046,71.80143993972064,108.06187866368349
2026-06-04 01:00:00,173.19660999074492,0.0,173.19660999074492,38.97297789407512,71.94279569907116,106.50407231088103
2026-06-04 02:00:00,175.57522844888467,0.0,175.57522844888467,38.62269339750386,72.17318068991794,118.48531527039412
2026-06-04 03:00:00,183.0915768151594,0.0,183.0915768151594,38.61447375074589,72.15600939390131,123.6782790585153
2026-06-04 04:00:00,188.171041037394,0.0,188.171041037394,38.01528461603857,72.05135853260826,168.37927960942943
2026-06-04 05:00:00,198.2798869041491,0.0,198.2798869041491,38.32923118282264,72.03299040150449,384.599256816452
2026-06-04 06:00:00,198.66653756611674,24.154242019234403,174.51229554688234,37.59726802950112,71.81858969822271,101.41516920880335
2026-06-04 07:00:00,220.91554933752403,55.18505790794288,165.73049142958115,36.79091603921587,72.00637522354697,104.71761283058066
2026-06-04 08:00:00,227.2748318139922,82.86104218786066,144.41378962613152,36.641126083625444,71.96916634820764,99.60272309165006
2026-06-04 09:00:00,243.60457144504684,97.77236407434128,145.83220737070556,36.68983781018974,72.02687749215903,108.68581048442627
2026-06-04 10:00:00,262.3384385552292,104.74523299138514,157.59320556384404,36.52339080935845,71.95709734278225,95.55553671265437
2026-06-04 11:00:00,263.4623674045745,116.10733278816454,147.35503461640994,36.573772391664036,72.06572319252076,102.77124402505218
2026-06-04 12:00:00,255.22798745651977,127.03836202005553,128.18962543646424,36.682476697349756,71.97221520506585,102.75754273725293
2026-06-04 13:00:00,264.9921118490282,112.69491544328449,152.29719640574373,36.00803639815653,71.92403108704436,98.99451852048445
2026-06-04 14:00:00,265.45873628254213,112.7143927420264,152.74434354051573,36.53968921983795,71.78554915978476,99.52952783639464
2026-06-04 15:00:00,262.1729800457857,99.1086727156947,163.06430733009103,36.74601293208332,71.88076883799157,90.83365541820042
2026-06-04 16:00:00,260.0454580858429,77.7580191679559,182.287438917887,36.96291072008015,72.12137091288433,111.62993960815282
2026-06-04 17:00:00,249.18392062965216,55.654230821790804,193.52968980786136,37.357470405912544,72.16870301070531,264.03029136846544
2026-06-04 18:00:00,237.00169463172637,28.069133269551585,208.9325613621748,37.948595567040535,72.16489928304368,747.1403047004001
2026-06-04 19:00:00,221.16153486568666,1.968956966210779,219.19257789947588,37.38475435927757,72.04655723522353,1213.6007468351518
2026-06-04 20:00:00,205.58350937903091,0.0,205.58350937903091,37.32589421269194,71.78325540201317,613.5367355073859
2026-06-04 21:00:00,193.19161997759167,0.0,193.19161997759167,37.20386880413031,71.45293625348637,259.7413361628998
2026-06-04 22:00:00,186.80523631386592,0.0,186.80523631386592,36.83760686434068,71.41776852343806,149.25770951703464
2026-06-04 23:00:00,181.36852254845203,0.0,181.36852254845203,37.40944195940715,71.31458216417863,111.18496050846088
2026-06-05 00:00:00,179.46687796909944,0.0,179.46687796909944,38.46719982710096,71.04136427813482,101.42190271038844
2026-06-05 01:00:00,170.46811703729682,0.0,170.46811703729682,38.72206265080542,71.0456242752142,94.1417385570338
2026-06-05 02:00:00,173.17783783766598,0.0,173.17783783766598,38.6091299450041,70.82936096973472,106.02604689548991
2026-06-05 03:00:00,184.1258836521071,0.0,184.1258836521071,38.66068229646127,71.0857972610774,129.96445504977032
2026-06-05 04:00:00,179.21023517486267,0.0,179.21023517486267,39.01055945295152,71.20953865873699,110.51624048602254
2026-06-05 05:00:00,199.10581406521834,0.0,199.10581406521834,39.073110060602,71.27638183952766,410.76039531808283
2026-06-05 06:00:00,203.1193017352701,27.675909215272373,175.44339251999773,38.2197756109739,71.01853750930506,111.58117495832796
2026-06-05 07:00:00,227.9690582603502,48.25724540370979,179.71181285664042,38.45084659197549,70.9510868621898,107.61488163136019
2026-06-05 08:00:00,239.97047406875024,67.96087162701797,172.00960244173228,38.402877385825505,70.8095966713893,104.43054233447792
2026-06-05 09:00:00,253.22378283729412,92.24947012308078,160.97431271421334,38.85585751680834,70.79386361334997,101.20832359514532
2026-06-05 10:00:00,263.0633325946621,106.79537113908141,156.2679614555807,39.30522539356222,70.64987102396272,103.01672394032886
2026-06-05 11:00:00,267.50430837673713,122.85706753810813,144.647240838629,39.0316793441952,70.39345136754513,107.20897723612488
2026-06-05 12:00:00,263.18081932222606,120.76710488752529,142.41371443470075,39.75987113178317,70.12663905763202,111.9491938999898
2026-06-05 13:00:00,272.47386150967975,121.07701788066292,151.39684362901681,39.279059030920706,70.09936935749762,106.19342109789622
2026-06-05 14:00:00,272.774954303923,112.32997763009729,160.4449766738257,39.14512789124036,69.7883818776401,102.80815542143219
2026-06-05 15:00:00,265.68803025741465,95.59385828678394,170.09417197063073,38.37947330304123,69.98971724156144,93.91928177871733
2026-06-05 16:00:00,254.7826864454376,77.18016583278904,177.60252061264856,37.36471042231795,69.76760631024382,102.37870639608083
2026-06-05 17:00:00,245.7844871619815,50.25023039506109,195.5342567669204,37.39228797955151,69.77242027270474,310.06824877158
2026-06-05 18:00:00,234.87893558430036,25.61664773707823,209.26228784722213,38.018764965179166,69.76932902344743,763.4783455326441
2026-06-05 19:00:00,214.86886708917962,1.6282216268433554,213.24064546233626,37.39072622432903,69.84591263562945,923.6374573673709
2026-06-05 20:00:00,210.454762249978,0.0,210.454762249978,37.33520086354682,69.98326007228013,806.362721079394
2026-06-05 21:00:00,197.7745518582489,0.0,197.7745518582489,37.6802995778232,69.70295726080984,372.83254580812996
2026-06-05 22:00:00,183.98607631074725,0.0,183.98607631074725,37.04896173428993,69.84884927878394,119.31198788810046
2026-06-05 23:00:00,180.03820121445892,0.0,180.03820121445892,36.53939786146508,69.55105949892894,96.72925657096619
2026-06-06 00:00:00,137.52190732395042,0.0,137.52190732395042,36.946462538273956,69.66002855779841,110.19905485149616
2026-06-06 01:00:00,124.91666387942091,0.0,124.91666387942091,36.734734690409105,69.82210878626059,99.18327827910383
2026-06-06 02:00:00,139.05705032850005,0.0,139.05705032850005,36.52884928286647,69.54355144921941,103.26157685415559
2026-06-06 03:00:00,141.78033543607913,0.0,141.78033543607913,36.11835229561517,69.50893307894884,106.98561211357337
2026-06-06 04:00:00,149.67521289888361,0.0,149.67521289888361,36.095959959539115,69.68863295734367,103.58673429643122
2026-06-06 05:00:00,159.98666223683253,0.0,159.98666223683253,36.11898623243204,69.64368050903592,102.85575164203253
2026-06-06 06:00:00,170.6311576575726,22.642791723837192,147.9883659337354,35.87740865545647,69.70356859524762,100.6607624262877
2026-06-06 07:00:00,180.0032479674664,54.23538206367117,125.76786590379523,36.48492308925466,70.17184683176343,106.40837010370191
2026-06-06 08:00:00,189.27447764157165,79.87007831566945,109.4043993259022,36.44031048529853,69.78875195616223,96.16915467027127
2026-06-06 09:00:00,207.56218653713847,84.82199666198986,122.74018987514862,36.126857861592974,69.65906173689886,99.1570151640141
2026-06-06 10:00:00,216.019876890602,111.269796744363,104.750080146239,36.533010418181114,69.9843195131953,103.07474841170438
2026-06-06 11:00:00,219.83300782888787,123.1371192714243,96.69588855746358,36.56952643902623,69.6451265457101,100.82778729420488
2026-06-06 12:00:00,237.0944362618259,119.4612976630344,117.6331385987915,36.74346094059526,69.75098643602624,107.74550993617616
2026-06-06 13:00:00,234.20264293186685,114.37929237258302,119.82335055928382,36.59563302430725,69.85835767620947,96.28544601894868
2026-06-06 14:00:00,226.74184050252677,105.84108891243108,120.9007515900957,36.68891380675936,70.30262246290035,108.02390761480558
2026-06-06 15:00:00,215.42914018665093,81.22971650544667,134.19942368120425,36.9953186955824,70.2844609846225,107.60571299769975
2026-06-06 16:00:00,211.16497876413496,70.77912177939457,140.38585698474037,36.26131973112304,70.43189330596368,95.57593170002971
2026-06-06 17:00:00,207.44295999028245,54.195952785345746,153.2470072049367,36.21266892725311,70.71154542122972,103.49400656528616
2026-06-06 18:00:00,191.6523104124538,20.029421530144006,171.62288888230978,35.94352860204742,70.31505145222685,97.13895850624638
2026-06-06 19:00:00,173.4126183199859,0.0,173.4126183199859,35.163769107873755,70.4370618818401,97.93040545080294
2026-06-06 20:00:00,168.39350376171208,0.0,168.39350376171208,35.83906668232611,70.6678160990247,100.81441067251352
2026-06-06 21:00:00,154.2062906547563,0.0,154.2062906547563,35.77624808544534,70.71768328841041,94.45272613669567
2026-06-06 22:00:00,142.6315629060431,0.0,142.6315629060431,36.3580664281508,70.55052666858654,101.40522051844529
2026-06-06 23:00:00,130.47418606056402,0.0,130.47418606056402,36.15662850906219,70.79003078844814,99.6723254603213
2026-06-07 00:00:00,133.37703429139913,0.0,133.37703429139913,36.46196691698666,70.78719128433914,105.95524916099487
2026-06-07 01:00:00,124.63726022981112,0.0,124.63726022981112,36.34808781667854,70.85911909587026,106.33268231079154
2026-06-07 02:00:00,130.64045352361228,0.0,130.64045352361228,36.1660745474254,70.68904287252488,95.24341023555712
2026-06-07 03:00:00,142.50156436015433,0.0,142.50156436015433,35.43416034467797,70.34535676361264,102.35844093700051
2026-06-07 04:00:00,150.86706027705347,0.0,150.86706027705347,35.64091348021532,70.42131384673435,95.78795253128227
2026-06-07 05:00:00,154.3595892667739,0.0,154.3595892667739,35.816395750173484,70.67777855902901,99.66798399353638
2026-06-07 06:00:00,151.6617734320353,27.42415692381619,124.2376165082191,35.594237565744514,70.3900469024621,95.97647135030809
2026-06-07 07:00:00,183.77611626591877,44.59079559091259,139.18532067500618,35.590269205642095,70.24530584377717,108.24069664096612
2026-06-07 08:00:00,188.29628337608753,72.35852505451803,115.9377583215695,36.014172811907216,70.14045218981866,99.03598795808415
2026-06-07 09:00:00,198.0331378189139,91.78561369446373,106.24752412445017,36.00328701622445,69.7631517237398,53.247705096425115
2026-06-07 10:00:00,219.05497009996807,102.17282182421691,116.88214827575116,36.376709445714525,69.73317110636667,98.58189445144703
2026-06-07 11:00:00,214.05234451090763,112.86826909826068,101.18407541264695,35.4918720828671,70.0496176847891,97.3595460236615
2026-06-07 12:00:00,231.8586465543515,122.28476940615565,109.57387714819586,35.464286892608314,70.05615202619424,93.4810715501776
2026-06-07 13:00:00,234.52540322850498,112.7814395829031,121.74396364560188,35.45241833295768,69.81021591628611,104.74502682696607
2026-06-07 14:00:00,230.8095499535129,109.48971343843257,121.31983651508034,35.31859829518744,69.90693819363298,100.11127862269295
2026-06-07 15:00:00,224.3490654711195,85.56873330064742,138.7803321704721,35.39903404860471,69.9576908495532,98.26071280420467
2026-06-07 16:00:00,214.79445612508118,68.0804700191146,146.71398610596657,35.16072068540135,69.99933516564363,99.35764517672345
2026-06-07 17:00:00,202.5809586134676,60.15411617600032,142.4268424374673,35.23314316473707,69.98584717976588,96.04664352742172
2026-06-07 18:00:00,187.5310700349592,31.231092533712825,156.2999775012464,35.37777375840925,69.82710589333232,100.06887214590706
2026-06-07 19:00:00,191.84287165545624,2.9332998526814307,188.9095718027748,35.6813994858853,69.63644674606672,177.31379626691734
2026-06-07 20:00:00,164.83600062574314,0.0,164.83600062574314,36.32874940293204,69.88026522916795,93.53370081463508
2026-06-07 21:00:00,150.38269702871432,0.0,150.38269702871432,36.04771285519234,70.02576278979681,102.8276303857763
2026-06-07 22:00:00,144.178411579284,0.0,144.178411579284,36.628660085116316,69.84835857460494,98.17469683236622
2026-06-07 23:00:00,139.5866307418923,0.0,139.5866307418923,35.943039390259194,69.7879246804307,101.67669417812141
2026-06-08 00:00:00,176.8075646593342,0.0,176.8075646593342,35.56562116906733,69.22836428787286,98.66414634490911
2026-06-08 01:00:00,168.85990226305321,0.0,168.85990226305321,35.825606510979405,69.21285636643269,99.40163172373954
2026-06-08 02:00:00,170.75226831648405,0.0,170.75226831648405,36.70692536067837,69.32622577163616,103.69834758822114
2026-06-08 03:00:00,172.69293295746533,0.0,172.69293295746533,36.525905878579174,69.26717472579789,108.84675011580316
2026-06-08 04:00:00,183.36416137705226,0.0,183.36416137705226,36.38304455184033,69.55240144055841,115.36979344579663
2026-06-08 05:00:00,199.32646762491146,0.0,199.32646762491146,36.55538773616873,69.18949084123433,410.2984359689774
2026-06-08 06:00:00,206.74837516630225,22.652397876850145,184.0959772894521,36.73726161461466,69.19915423940688,113.72398839670751
2026-06-08 07:00:00,218.16454875758433,57.02886606111309,161.13568269647124,36.63973583755051,68.85095667088164,100.4559118224864
2026-06-08 08:00:00,233.79593200329515,73.632483497961,160.16344850533415,36.531996356650176,68.99669512335495,97.89786512202097
2026-06-08 09:00:00,241.09158926606622,92.82213645235694,148.26945281370928,36.049409859164136,68.78288955796114,105.74697073496637
2026-06-08 10:00:00,244.56931055202398,106.16337304323977,138.4059375087842,36.29661797049587,68.8781133240639,101.56166621400685
2026-06-08 11:00:00,260.86833894214544,122.1468993632233,138.72143957892214,36.406616217835435,68.68958889168523,107.0980973830353
2026-06-08 12:00:00,253.3521592550665,120.92949089568702,132.4226683593795,35.90409168260178,68.36739524776848,97.51955790635084
2026-06-08 13:00:00,268.677754733753,115.41919929059911,153.25855544315385,35.83285010098399,68.47812002455508,96.34537889945567
2026-06-08 14:00:00,270.3540168969779,104.84586168330053,165.50815521367736,36.277858640644475,68.44641124956682,105.8836329366545
2026-06-08 15:00:00,268.2390504820043,93.13989898273542,175.09915149926888,36.846032130508426,68.39169359129905,97.08283306751964
2026-06-08 16:00:00,258.00478903150724,73.21345043905484,184.7913385924524,37.44920644806409,68.60470896339099,132.4054842593423
2026-06-08 17:00:00,245.18141865094796,57.099151647254594,188.08226700369337,37.681305506664955,68.5854092857365,168.83604977959322
2026-06-08 18:00:00,227.81261654850653,27.426573873482187,200.38604267502433,38.06830082367524,68.70551279024735,441.99637425838876
2026-06-08 19:00:00,214.50593893281393,0.0,214.50593893281393,38.079235324586534,68.22744300391614,986.0605487865664
2026-06-08 20:00:00,206.00901728739387,0.0,206.00901728739387,37.759103128619024,68.31326230793213,628.0286803846581
2026-06-08 21:00:00,190.67485774648287,0.0,190.67485774648287,38.13851276613585,68.29287522920353,209.0712780074356
2026-06-08 22:00:00,179.83381832738263,0.0,179.83381832738263,37.533027011102874,68.1817803682991,99.89800678361215
2026-06-08 23:00:00,176.9219940416089,0.0,176.9219940416089,37.52050315277904,68.00770834010133,106.21635500480146
2026-06-09 00:00:00,167.44512614851365,0.0,167.44512614851365,37.5753500914059,67.65463880164394,98.91301665557019
2026-06-09 01:00:00,160.91603354881755,0.0,160.91603354881755,37.69049055653391,67.976779538157,107.89291668401103
2026-06-09 02:00:00,170.612016335515,0.0,170.612016335515,37.45090039569895,68.07681440142343,101.60458739417625
2026-06-09 03:00:00,171.95043840755088,0.0,171.95043840755088,37.421917986289515,67.86617594046636,107.02644319205905
2026-06-09 04:00:00,187.23248240313686,0.0,187.23248240313686,38.03489578630798,67.97175458319819,157.28294862287873
2026-06-09 05:00:00,201.4699074366931,0.0,201.4699074366931,38.585986706310976,67.67384391750953,472.85331944679876
2026-06-09 06:00:00,210.85905247515657,24.345975272212115,186.51307720294446,38.91619130421801,67.71284615759484,156.59600179260573
2026-06-09 07:00:00,222.18223479542027,51.34216537655666,170.8400694188636,38.76611521861191,67.80406801800673,107.25314895445534
2026-06-09 08:00:00,239.76912044446377,72.38865929994219,167.38046114452158,39.11452405251206,67.76523800439436,111.60519800312483
2026-06-09 09:00:00,240.09590450223388,90.99035163758428,149.1055528646496,39.337430443963484,67.71226142814413,100.03627071666446
2026-06-09 10:00:00,252.47273953404456,96.85707317102879,155.61566636301578,39.824162995464654,67.62244321371496,96.63095150080565
2026-06-09 11:00:00,264.22881990321383,118.4439893631255,145.78483054008834,39.2342509328366,67.82967403289247,112.07922082056534
2026-06-09 12:00:00,266.3179248315934,121.76338058941543,144.554544242178,38.855327729617024,67.61083890122374,104.21428354598582
2026-06-09 13:00:00,270.7258868272611,122.9613498655997,147.7645369616614,39.042929664558315,67.71478695833886,105.97748237148524
2026-06-09 14:00:00,266.4057511587879,103.1302968590079,163.27545429978,38.888910468358056,67.6471876480254,101.94292358501372
2026-06-09 15:00:00,261.99005897397836,97.13249931944054,164.85755965453782,38.371573697875476,67.97134831261708,101.17862056375742
2026-06-09 16:00:00,253.21871862412246,75.1732215578766,178.04549706624584,38.6733405866892,67.77874270071062,103.76017210795517
2026-06-09 17:00:00,248.7200595632279,58.492260078735434,190.22779948449246,38.820796463091355,67.77203435917404,205.45794487591752
2026-06-09 18:00:00,232.0101735764411,30.82901281448151,201.1811607619596,38.024628318169825,67.88325012831484,465.761400704131
2026-06-09 19:00:00,213.44776599269184,6.244647952608734,207.2031180400831,38.41622437640997,67.92257405999058,673.1365493215442
2026-06-09 20:00:00,206.44995197097552,0.0,206.44995197097552,38.67363568065284,67.82353235313077,649.2523515032226
2026-06-09 21:00:00,191.95578403220213,0.0,191.95578403220213,38.593955110881595,67.99068532591248,238.9359492754441
2026-06-09 22:00:00,191.86412276587012,0.0,191.86412276587012,38.58263768487076,67.78606829773398,232.38109804687846
2026-06-09 23:00:00,178.51036107470654,0.0,178.51036107470654,39.09213023739563,68.00139469577213,102.60758124165606
2026-06-10 00:00:00,178.0572976877507,0.0,178.0572976877507,38.88376587501246,68.251412174607,108.26371934100887
2026-06-10 01:00:00,170.55526498482365,0.0,170.55526498482365,38.90011094034371,68.42591884566318,105.79260695512032
2026-06-10 02:00:00,176.3083816074329,0.0,176.3083816074329,39.248215967186205,68.16785971487894,99.60668460034618
2026-06-10 03:00:00,180.52316008516047,0.0,180.52316008516047,39.44172304199872,68.07750401852384,101.22374388192367
2026-06-10 04:00:00,187.43488143254726,0.0,187.43488143254726,39.802608001948485,67.98501122923807,163.9336653815538
2026-06-10 05:00:00,186.30133323983324,0.0,186.30133323983324,40.35529926497946,68.05436171747905,152.3713112959423
2026-06-10 06:00:00,208.0570574878276,24.62234105743346,183.43471643039413,40.106165613308725,68.01751367939438,122.72374126145738
2026-06-10 07:00:00,226.80388124174976,50.08948050639033,176.71440073535945,40.397674134486756,67.95148015098628,111.4474774118927
2026-06-10 08:00:00,233.0082540539496,77.24334472879633,155.76490932515327,40.51467617413053,68.02674376507927,111.12898023500935
2026-06-10 09:00:00,250.8499605395697,96.60832119096878,154.24163934860093,40.83007845806323,68.1405424985464,104.98784578115679
2026-06-10 10:00:00,252.95374612082105,104.22957680140561,148.72416931941544,41.1935794580412,68.35667087854671,112.17363693246118
2026-06-10 11:00:00,261.7671488063615,111.83016743686322,149.93698136949826,40.689292925238775,68.19537086027466,113.08304632662313
2026-06-10 12:00:00,271.73914726331486,113.71373226436988,158.025414998945,40.21692280549631,68.14038819165084,109.31849235241107
2026-06-10 13:00:00,262.93230113072417,112.53797017417017,150.394330956554,40.739546506352795,68.23054146158262,114.55701248538482
2026-06-10 14:00:00,276.6588849898891,108.68465392918469,167.9742310607044,40.80037160630902,68.52473019389271,103.12030133095331
2026-06-10 15:00:00,261.92465023810155,97.58970206329661,164.33494817480494,40.85776250437703,68.64439162937664,115.047154286163
2026-06-10 16:00:00,261.9224223562238,75.74644091416877,186.17598144205505,40.83587797673345,68.56745099616626,146.1589428460079
2026-06-10 17:00:00,242.01016959228403,53.63315464135935,188.3770149509247,41.14246371294062,68.36058848019017,184.33002586631213
2026-06-10 18:00:00,236.69975166168632,20.313103698963122,216.3866479627232,41.27245407240369,68.60904504802964,1080.8427702690099
2026-06-10 19:00:00,217.92094756286352,4.235730387684963,213.68521717517856,41.139467631745646,68.60780378961562,948.4560014577379
2026-06-10 20:00:00,199.36619768368567,0.0,199.36619768368567,42.12945067030986,68.6718042768864,425.7510906091001
2026-06-10 21:00:00,192.88307353773337,0.0,192.88307353773337,41.97853746403427,68.9467201777516,260.74248875514525
2026-06-10 22:00:00,184.0769341868401,0.0,184.0769341868401,42.4244274045786,68.92464941900158,127.745036598661
2026-06-10 23:00:00,179.09805751127766,0.0,179.09805751127766,42.54887369069137,68.84595477374329,109.89971973782075
2026-06-11 00:00:00,167.75477084922693,0.0,167.75477084922693,42.64568923123566,68.75366020666004,115.28005642902357
2026-06-11 01:00:00,172.59830994677043,0.0,172.59830994677043,43.18803081523282,68.8895335071592,117.65700527426662
2026-06-11 02:00:00,170.40720166378634,0.0,170.40720166378634,43.01453125222675,69.12569639774193,113.90778834292426
2026-06-11 03:00:00,166.803761138844,0.0,166.803761138844,43.33552005010316,68.92229953749424,114.05054778206907
2026-06-11 04:00:00,189.56745141902417,0.0,189.56745141902417,43.93276708913175,68.93674819251193,199.45983146331358
2026-06-11 05:00:00,200.3900565092276,0.0,200.3900565092276,43.896722841568945,68.77121120773445,455.29083857364674
2026-06-11 06:00:00,205.27264109839788,29.302651362436713,175.96998973596118,43.442807887001194,68.55012034966377,109.48170990584833
2026-06-11 07:00:00,219.06332690636273,49.66413028171639,169.39919662464635,43.29055397165516,68.60783029058342,116.1649390914258
2026-06-11 08:00:00,230.32105762418672,76.62190073634883,153.6991568878379,43.40329246677293,68.75723766910886,117.56023807986053
2026-06-11 09:00:00,246.9021860031168,94.38750370740719,152.51468229570963,43.29903413974539,69.08357099796652,119.83211028882954
2026-06-11 10:00:00,252.40675362610372,103.80931622725943,148.5974373988443,43.56758512823275,69.23891403194189,122.66345853916113
2026-06-11 11:00:00,267.45986255862954,129.27811446910857,138.18174808952097,42.994077404488394,69.3709742675511,115.99591538468249
2026-06-11 12:00:00,267.5738792051706,117.74050845843918,149.83337074673142,42.377102070416996,69.47307873766283,107.80460282948948
2026-06-11 13:00:00,263.50981430135096,119.7310507564421,143.77876354490886,42.005157868038815,69.44448153617475,117.422796792183
2026-06-11 14:00:00,271.72780452039405,111.2222238017616,160.50558071863244,42.15365257527904,69.42785981249584,112.08370490949771
2026-06-11 15:00:00,265.65415074664895,87.71654958711602,177.93760115953293,42.22039861778529,69.37086092759769,112.92486742375202
2026-06-11 16:00:00,246.11586830323162,76.32323165116681,169.7926366520648,42.15102808154759,69.5152332911845,108.41997855232579
2026-06-11 17:00:00,245.9291218385806,49.172503252977506,196.75661858560312,41.7429968223326,69.31807640888802,343.54000137948617
2026-06-11 18:00:00,235.74676792098612,22.664547051568118,213.082220869418,41.47061612361015,69.52991599998593,926.953525936698
2026-06-11 19:00:00,219.53266210985376,0.0,219.53266210985376,41.58522757835533,69.58700816957035,1236.8509917844972
2026-06-11 20:00:00,204.66128404337354,0.0,204.66128404337354,41.78003201778111,69.45932769874557,595.8536192075298
2026-06-11 21:00:00,201.14278623653323,0.0,201.14278623653323,41.79628794663952,69.40992174523835,477.9485126675265
2026-06-11 22:00:00,181.33791810580018,0.0,181.33791810580018,42.019088865921226,69.39375956940911,114.76579948861519
2026-06-11 23:00:00,185.41490439304977,0.0,185.41490439304977,41.45282201486707,69.54757031622864,152.0179652005664
2026-06-12 00:00:00,168.0948112993545,0.0,168.0948112993545,41.73658371013786,69.2002380978303,113.16818290073019
2026-06-12 01:00:00,174.70057828081005,0.0,174.70057828081005,41.281706209889194,69.12620506231936,109.18737470358788
2026-06-12 02:00:00,180.72642857056306,0.0,180.72642857056306,41.354005651618046,69.18252835255306,104.38554017717001
2026-06-12 03:00:00,170.28611236052848,0.0,170.28611236052848,40.560925311418565,69.16106921452693,112.30003632268938
2026-06-12 04:00:00,187.03345328789192,0.0,187.03345328789192,40.7993142103279,69.22422457749178,157.78148840542522
2026-06-12 05:00:00,191.3946699739619,0.0,191.3946699739619,40.32391159363992,69.25933301484334,226.7383860001652
2026-06-12 06:00:00,211.06771373049517,21.393555588060273,189.6741581424349,40.85664405480866,69.37310558696204,201.79017247250596
2026-06-12 07:00:00,227.1791481722038,60.105461873933976,167.07368629826982,40.68910385407206,69.36714790040735,117.34459381829001
2026-06-12 08:00:00,241.81609392180368,69.69661691309724,172.11947700870644,41.138499659877354,69.14671655054902,106.56748873442741
2026-06-12 09:00:00,250.13303840868846,95.53823069841309,154.59480771027538,41.682521798874134,68.83880857990967,104.73854558889283
2026-06-12 10:00:00,253.69759266851125,118.39638065369323,135.30121201481802,40.912552199360036,68.60238405113378,112.68865266931486
2026-06-12 11:00:00,266.9117728868323,121.78769442141622,145.12407846541606,41.20656031896501,68.37068066338932,107.69337625974967
2026-06-12 12:00:00,281.4628159339861,110.8847693882208,170.57804654576532,40.76103331746869,68.26452601700657,106.17544900757049
2026-06-12 13:00:00,276.3017559096251,121.24813247181578,155.05362343780934,40.66605442051281,68.22859412326848,113.6750773927409
2026-06-12 14:00:00,279.4662845149673,102.50650952427316,176.95977499069414,40.04012742585047,68.13837232377158,108.83343544125815
2026-06-12 15:00:00,269.1282932939935,90.01420700059896,179.11408629339456,40.55587364510002,67.9373505197015,104.43025619479606
2026-06-12 16:00:00,249.47878375082203,79.67110946339588,169.80767428742615,41.365677666557964,68.00602721810144,105.6720578026155
2026-06-12 17:00:00,243.72926405602718,57.78222161215453,185.94704244387265,41.66560648496817,68.16890235621747,145.63332573053847
2026-06-12 18:00:00,236.5992679673434,31.55540854595839,205.043859421385,41.58665261842133,68.16939152848988,603.5171735115218
2026-06-12 19:00:00,215.42725924499766,12.519618856610485,202.90764038838716,41.597954164086154,68.17867367568375,531.0703125145104
2026-06-12 20:00:00,210.63622510613916,0.0,210.63622510613916,41.471265029630295,68.04269292766313,817.9220307317172
2026-06-12 21:00:00,185.4926694100427,0.0,185.4926694100427,40.88987900228456,67.77275181106913,141.34952445006226
2026-06-12 22:00:00,184.40832254466744,0.0,184.40832254466744,40.64296365991179,68.02805287889633,135.78965465139544
2026-06-12 23:00:00,179.78675762051716,0.0,179.78675762051716,41.03020642497654,67.68173612473421,110.37004468626995
2026-06-13 00:00:00,122.55947734129765,0.0,122.55947734129765,40.896396238394466,67.92330617835111,110.08212815426691
2026-06-13 01:00:00,132.90781064124417,0.0,132.90781064124417,40.75850283458313,67.95318141807319,110.99778013759686
2026-06-13 02:00:00,136.39173518590206,0.0,136.39173518590206,40.20570729363919,67.87659822021793,98.45311789259561
2026-06-13 03:00:00,141.54449492444394,0.0,141.54449492444394,40.339144790179596,67.97471706517742,118.69891848165908
2026-06-13 04:00:00,136.6242636366702,0.0,136.6242636366702,40.573841933861154,67.67965096356406,112.9633118702558
2026-06-13 05:00:00,148.06970206561792,0.0,148.06970206561792,39.47526235560479,67.99822556830243,106.58007315955729
2026-06-13 06:00:00,172.99105819325453,33.21714850912039,139.77390968413414,39.59040366293476,67.61210986332249,110.59734312369369
2026-06-13 07:00:00,185.94029377342886,56.637716990070075,129.3025767833588,39.58256918890195,67.29706602476328,105.69305884018075
2026-06-13 08:00:00,187.9106409504234,71.5408158548749,116.36982509554852,39.617216061705825,67.5394874472716,102.79181884788011
2026-06-13 09:00:00,198.6132740788795,95.97639135030843,102.63688272857107,39.40696212343197,67.84891217616243,69.87841368972573
2026-06-13 10:00:00,220.4572698535937,105.62163073304819,114.8356391205455,39.2292678858905,67.93038785967549,107.8755939150535
2026-06-13 11:00:00,213.79417482476185,109.00878417439999,104.78539065036186,38.94439940043153,67.74836601125575,112.29819100765003
2026-06-13 12:00:00,231.88523700195833,122.69343853674113,109.1917984652172,38.609835691599606,67.98050614513245,103.51814988913937
2026-06-13 13:00:00,222.0258499032465,108.09412278367952,113.93172711956697,38.627223646001774,68.05240996763334,103.30064259979271
2026-06-13 14:00:00,221.37868975675482,107.0304681400084,114.34822161674643,38.116137965443855,68.24150610114512,99.83697282889611
2026-06-13 15:00:00,224.00866913506516,95.96544226231966,128.0432268727455,37.80466360485645,68.07810910809046,104.81127436090539
2026-06-13 16:00:00,218.91479988749043,73.5400498290013,145.37475005848913,38.277485793071854,68.1983160658805,108.12103617922534
2026-06-13 17:00:00,208.6956616374237,52.85356175734805,155.84209988007566,38.29165726476582,67.99262769270142,98.13647915227543
2026-06-13 18:00:00,193.85949861058617,32.23527266633664,161.62422594424953,38.12780549887494,68.13966853886969,106.24731893260257
2026-06-13 19:00:00,175.8489383787649,0.0,175.8489383787649,38.82813860333627,68.2101090665656,104.91284502884072
2026-06-13 20:00:00,163.19081009588055,0.0,163.19081009588055,38.845340971539535,68.18742800558438,107.21911788590221
2026-06-13 21:00:00,156.3340189703188,0.0,156.3340189703188,38.48057609111348,68.24675783010417,109.21298815548708
2026-06-13 22:00:00,148.21383072039663,0.0,148.21383072039663,38.416338671724475,68.539473129766,101.66149968922181
2026-06-13 23:00:00,132.34664492736528,0.0,132.34664492736528,38.546260395734464,68.55514445941847,99.78477213508934
2026-06-14 00:00:00,128.3453917002726,0.0,128.3453917002726,38.51960294360777,68.42253669742423,106.45522211005543
2026-06-14 01:00:00,127.0726338836433,0.0,127.0726338836433,38.58221425021818,68.04637337123589,100.4007209988765
2026-06-14 02:00:00,132.02579131185803,0.0,132.02579131185803,38.26437244989515,67.73382321765924,99.63478825562525
2026-06-14 03:00:00,132.0305915939473,0.0,132.0305915939473,38.62252444436207,67.53871702257943,99.02775612074572
2026-06-14 04:00:00,144.6058186396608,0.0,144.6058186396608,37.90565499607962,67.38268678648794,112.1783668658656
2026-06-14 05:00:00,156.07149602300268,0.0,156.07149602300268,37.68208677609064,67.42015228748771,92.58106056955756
2026-06-14 06:00:00,169.6446902348834,27.294242766271392,142.350447468612,37.326422037520594,67.46139340459469,105.58438332676981
2026-06-14 07:00:00,182.30428839173763,53.64536956607633,128.6589188256613,37.54730438171148,67.42500173487257,103.48079108468266
2026-06-14 08:00:00,186.70384481159135,70.25633370353148,116.44751110805987,38.082022802525195,67.7000647880498,107.60148577636942
2026-06-14 09:00:00,205.32744130298005,96.55144918237815,108.7759921206019,38.52269602727441,67.255786529211,106.89863020669377
2026-06-14 10:00:00,217.60083356765657,109.30681404381176,108.29401952384481,38.451449998721806,67.55975357055527,108.02742374899049
2026-06-14 11:00:00,219.88350588253752,122.32517742212876,97.55832846040876,39.06962403522333,67.80148763272025,104.13813444737944
2026-06-14 12:00:00,226.34998320446135,115.1576588584878,111.19232434597355,39.0279208341423,67.74867207015319,104.85031583905527
2026-06-14 13:00:00,236.99999996717756,110.72312832516083,126.27687164201673,38.90292695475855,67.59617688865303,106.00625748401052
2026-06-14 14:00:00,218.46462446894628,113.72325693067899,104.7413675382673,38.99706408653489,67.71365727229514,112.56830448057805
2026-06-14 15:00:00,234.15797092690855,84.68723233947668,149.47073858743187,39.31261612405766,67.86637386799883,103.9004615281314
2026-06-14 16:00:00,221.47135099900544,81.42413908687404,140.0472119121314,39.04324459324817,67.98333401805876,102.28197396529214
2026-06-14 17:00:00,203.50319309233362,53.845100227737404,149.6580928645962,39.306485213052696,68.66909108485879,102.56915462996174
2026-06-14 18:00:00,201.0972413718118,25.518856549128195,175.5783848226836,39.080984400672115,68.68064821549308,100.43994802857672
2026-06-14 19:00:00,175.21199387202225,2.4642231757128776,172.74777069630937,38.79901561287685,68.75896456724129,103.49414453701193
2026-06-14 20:00:00,169.71093081248225,0.0,169.71093081248225,38.80253445827914,68.71781930439096,98.79793451351483
2026-06-14 21:00:00,148.06923671113555,0.0,148.06923671113555,38.04109868416526,68.67722450777418,105.35305370501997
2026-06-14 22:00:00,152.5489511583,0.0,152.5489511583,37.44238207199916,68.6935980772679,97.75123416466568
2026-06-14 23:00:00,133.53283111549402,0.0,133.53283111549402,36.80038854701787,68.66993742953242,99.37119312800098
2026-06-15 00:00:00,176.0761034565576,0.0,176.0761034565576,36.06108761080152,68.75734377039736,96.96044182218498
2026-06-15 01:00:00,171.1088553159958,0.0,171.1088553159958,36.56998896291451,68.59695793308047,106.38629878273755
2026-06-15 02:00:00,169.896469031918,0.0,169.896469031918,36.89000687130555,68.85881672449698,108.08744017303027
2026-06-15 03:00:00,174.04382987074354,0.0,174.04382987074354,37.10717648702363,68.74991073160307,103.68088320318941
2026-06-15 04:00:00,197.3885347330617,0.0,197.3885347330617,37.10215683008943,68.55996149327868,357.6709593328553
2026-06-15 05:00:00,191.70657330296288,0.0,191.70657330296288,37.2477612024117,68.50902243292184,229.7039877053023
2026-06-15 06:00:00,209.78872913103493,32.830129265136925,176.958599865898,37.45230182000775,68.37141270235529,107.79997849371067
2026-06-15 07:00:00,223.48021265773198,51.53422925286947,171.94598340486252,37.124663975599105,68.55498119492614,94.62677805435675
2026-06-15 08:00:00,238.77784446382202,76.31756778164755,162.46027668217448,37.21278834642818,68.77341106177268,108.0336780027302
2026-06-15 09:00:00,250.62052012691106,86.20642533812655,164.4140947887845,36.31330443524281,68.8909818740339,95.67415186054099
2026-06-15 10:00:00,249.9193952285954,108.76629993080468,141.1530952977907,36.81110247651396,68.66762102310037,105.43302045255966
2026-06-15 11:00:00,263.34559974623284,112.22563581121283,151.11996393502,36.84237247180192,68.9433355020365,97.37461218431332
2026-06-15 12:00:00,271.7614680427744,120.06896203920746,151.69250600356696,36.70534183515766,68.75367520729294,103.53137622084479
2026-06-15 13:00:00,271.64417189411824,120.05583255967596,151.58833933444228,36.42295521224006,68.9745230719726,103.52417442627666
2026-06-15 14:00:00,264.9471344308793,100.66901437330041,164.27812005757892,35.422915798722784,69.2957016483721,100.35834953633208
2026-06-15 15:00:00,261.07347620748055,94.27372949545894,166.7997467120216,35.22230062217759,69.16364573449967,96.52889598503607
2026-06-15 16:00:00,255.17784306657248,81.00396456601544,174.17387850055704,35.45860887840164,69.05045583985824,96.53776893584224
2026-06-15 17:00:00,239.43515244344343,50.356946021582836,189.07820642186059,35.57888827898108,69.45061817591649,174.16163223702
2026-06-15 18:00:00,232.850074608747,20.337291318867372,212.51278328987962,34.98524042579596,69.31260785609113,891.5868372949878
2026-06-15 19:00:00,223.0456022060484,4.111037511145936,218.93456469490246,35.16558397701088,69.27581765402357,1198.9180553372296
2026-06-15 20:00:00,209.8715541877313,0.0,209.8715541877313,35.72185925808742,69.28884187201997,780.3883544567408
2026-06-15 21:00:00,197.64590379452014,0.0,197.64590379452014,36.05512037361488,69.37227979477674,353.31071083722884
2026-06-15 22:00:00,180.2630530754815,0.0,180.2630530754815,36.580314506595485,69.32902733185904,96.1837094411409
2026-06-15 23:00:00,168.6156412965342,0.0,168.6156412965342,36.8696689927084,69.19184867085653,102.68223298593247
2026-06-16 00:00:00,173.49755099341303,0.0,173.49755099341303,37.25417973429346,69.86242507344663,109.12577953215941
2026-06-16 01:00:00,166.48445726423677,0.0,166.48445726423677,36.7706826383619,69.89261263619503,101.8380500169988
2026-06-16 02:00:00,173.7303829096066,0.0,173.7303829096066,36.49307618801533,70.2520641508889,98.33054415312407
2026-06-16 03:00:00,184.66679165206534,0.0,184.66679165206534,35.7148527418236,70.2387325467835,127.12151214398887
2026-06-16 04:00:00,185.68656129615044,0.0,185.68656129615044,36.056377154073495,70.14427706303091,135.43925074164724
2026-06-16 05:00:00,193.94620303249837,0.0,193.94620303249837,36.171325263825175,69.903333073955,274.5018605328363
2026-06-16 06:00:00,203.42394367780162,18.530065558746422,184.8938781190552,36.28232084858973,70.11764162353327,131.2802176100456
2026-06-16 07:00:00,215.33034599252542,58.10098331264954,157.2293626798759,36.06444673231724,70.180232921377,100.68968335719764
2026-06-16 08:00:00,239.42709465282093,76.34909084237687,163.07800381044405,36.23201537326489,69.80664539787283,104.10904944768511
2026-06-16 09:00:00,232.86598331735902,101.98749791701347,130.87848540034554,35.86381227735767,69.96434308312594,98.4454954432609
2026-06-16 10:00:00,254.45946959191474,110.2486105838247,144.21085900809004,35.67879099095681,69.76515294659804,100.74895793204384
2026-06-16 11:00:00,269.3082683902321,118.84390262916928,150.46436576106282,35.027311567959124,69.67039786055854,95.57299818612009
2026-06-16 12:00:00,263.2682687873525,117.16388270596235,146.10438608139015,34.95443922297078,69.6223106052223,96.80132682943665
2026-06-16 13:00:00,269.7081903304604,111.87480256161965,157.83338776884077,34.522415426649445,69.8064537933188,92.90535619737258
2026-06-16 14:00:00,266.96797726626914,109.74537981668452,157.2225974495846,34.66261559277549,69.98084451828737,95.77005472263242
2026-06-16 15:00:00,266.2010834758778,93.58150133907449,172.6195821368033,35.14350423119862,69.84536766209611,95.13550873329604
2026-06-16 16:00:00,262.6234488639209,72.47838770369516,190.14506116022574,34.55770863298434,69.87424565547018,205.01230893185124
2026-06-16 17:00:00,242.85497741183283,55.270838245296915,187.58413916653592,34.24826193008242,69.71338376535235,151.92187449513233
2026-06-16 18:00:00,227.93813212115958,20.259260198961147,207.67887192219843,34.32840260979488,69.74301551904185,683.9344663495356
2026-06-16 19:00:00,216.78290896873392,0.0,216.78290896873392,34.093928591599955,69.68280006922207,1086.2642455715982
2026-06-16 20:00:00,216.87034258826583,0.0,216.87034258826583,34.22193319039942,69.6297817385377,1091.5452792340493
2026-06-16 21:00:00,204.90023098687095,0.0,204.90023098687095,34.254293962047555,69.66378307599622,582.7805579140817
2026-06-16 22:00:00,186.7880938575175,0.0,186.7880938575175,33.79066076285726,69.99011071613062,145.53697148373251
2026-06-16 23:00:00,179.8024830480175,0.0,179.8024830480175,34.024856178469136,69.9579369702997,98.18920734842884
2026-06-17 00:00:00,168.5813267955756,0.0,168.5813267955756,33.500114093739896,69.9171536844452,88.2216597821439
2026-06-17 01:00:00,175.09511509882154,0.0,175.09511509882154,34.5878144809885,70.09472154757327,91.99507019949954
2026-06-17 02:00:00,170.47026539635948,0.0,170.47026539635948,34.73892217982993,70.21224642247127,90.89968887599909
2026-06-17 03:00:00,172.48486371942127,0.0,172.48486371942127,34.74472405084626,70.40047801447894,99.26855567940322
2026-06-17 04:00:00,185.91886606947756,0.0,185.91886606947756,34.59996969066795,70.30113866064993,137.687175759192
2026-06-17 05:00:00,193.51107577085898,0.0,193.51107577085898,34.73132905778431,70.50865806862576,263.1532451351238
2026-06-17 06:00:00,208.1538880301187,26.657172342025177,181.49671568809353,35.026281311519114,70.68718297572944,103.75396172544929
2026-06-17 07:00:00,219.86846106720176,55.34124920836043,164.52721185884133,35.18313353354686,70.8402863309944,100.84692186061284
2026-06-17 08:00:00,234.71653034412412,71.3870633600473,163.32946698407682,34.28162735710825,70.9395923672218,95.99055802109204
2026-06-17 09:00:00,245.6553626103098,104.88761750659415,140.76774510371564,33.82721673991892,71.21154603255724,92.43034656155605
2026-06-17 10:00:00,264.7532401299326,108.24936710829107,156.5038730216415,33.835861298885305,71.12602365516707,100.77000350669363
2026-06-17 11:00:00,267.0648587714971,111.83114888409533,155.23370988740174,33.76470226634228,71.04786902644923,97.5814893781535
2026-06-17 12:00:00,266.6569783599062,125.08227367723055,141.57470468267564,33.806546649210034,70.93554169538787,95.49444147477728
2026-06-17 13:00:00,272.68369546948435,122.96125131282298,149.72244415666137,33.313830999331635,70.8786941143105,90.26945427279625
2026-06-17 14:00:00,265.40652552580156,112.20864628014554,153.197879245656,32.59498975376621,71.0807679501411,98.1964755730156
2026-06-17 15:00:00,263.2935231881469,90.18630144540843,173.10722174273843,32.78689684972097,71.30501837970647,91.62417893536083
2026-06-17 16:00:00,250.34903311524022,69.71173165946196,180.63730145577824,33.13740653126864,71.08625357401466,95.86609366882145
2026-06-17 17:00:00,239.9009809899467,52.58635057665057,187.31463041329613,32.36007629760126,70.98508101915044,147.08262157665462
2026-06-17 18:00:00,233.68353625769657,20.32106865421873,213.36246760347785,32.7463803346278,70.77257218970168,923.7561262530339
2026-06-17 19:00:00,212.97325317605134,1.0645227906650023,211.90873038538635,33.03698946146941,71.05780772535519,850.9684419653078
2026-06-17 20:00:00,207.77873143102047,0.0,207.77873143102047,33.0174830877864,71.02235936707665,693.8090557701776
2026-06-17 21:00:00,193.11873872326785,0.0,193.11873872326785,33.16637984818,70.99869533994004,258.8258906353911
2026-06-17 22:00:00,184.90448855742355,0.0,184.90448855742355,32.82498915299466,71.11815921356987,125.64043299914795
2026-06-17 23:00:00,180.30033914789104,0.0,180.30033914789104,32.78984168344359,71.01686072319528,99.20802645889495
2026-06-18 00:00:00,176.7609304282528,0.0,176.7609304282528,32.629654089435554,70.80405093482257,100.47709543127338
2026-06-18 01:00:00,172.07267205696712,0.0,172.07267205696712,31.768525066055506,70.77656933956511,91.32508295315331
2026-06-18 02:00:00,167.38274336047155,0.0,167.38274336047155,31.22792448554067,71.05017480015132,90.8440922795426
2026-06-18 03:00:00,179.90900910484473,0.0,179.90900910484473,31.152179799981838,71.22562983241406,92.79459989326789
2026-06-18 04:00:00,192.0007494607845,0.0,192.0007494607845,31.296231871947782,71.19984570702266,226.46708971754143
2026-06-18 05:00:00,196.6074642180613,0.0,196.6074642180613,31.577556144528543,71.29883467038108,320.4896219580391
2026-06-18 06:00:00,197.66279332847046,35.949100588272024,161.71369274019844,31.451178145901945,71.31050053094293,95.09234157261776
2026-06-18 07:00:00,213.75542800324786,58.27003968766098,155.48538831558687,31.422210439441013,71.44406078319389,97.88590586896835
2026-06-18 08:00:00,234.63308801088607,68.70067312238629,165.93241488849978,30.707199789181274,71.35899215766284,84.82045957177712
2026-06-18 09:00:00,243.50439719069237,89.66155201302233,153.84284517767003,30.35282772177356,71.4727661615615,95.88547134771801
2026-06-18 10:00:00,266.8072115810287,111.94317999254524,154.86403158848344,29.393339961792382,71.52546244955234,84.36130036634182
2026-06-18 11:00:00,260.90250149763483,104.86150248091678,156.04099901671805,30.123399601401054,71.38035674745295,89.93295252725932
2026-06-18 12:00:00,267.1588124524728,127.2957528693623,139.86305958311047,29.314020974152882,71.5509101111882,88.5608563370186
2026-06-18 13:00:00,272.7794154557702,116.39135436553107,156.38806109023915,29.120720931991684,71.55101626760649,83.25451593216417
2026-06-18 14:00:00,256.3617738986354,112.17418568580469,144.18758821283075,29.375393629469603,71.51162272721908,82.65997713951144
2026-06-18 15:00:00,267.7362909393938,97.88050320208642,169.85578773730742,29.87044821993404,71.75963517515703,96.36884423137397
2026-06-18 16:00:00,254.11013299274032,80.13198638621327,173.97814660652705,29.308552059029434,71.75710199163834,84.05677550052927
2026-06-18 17:00:00,237.9439534627832,49.24230392665511,188.70164953612812,29.087625374683817,71.5781684239523,159.5691945032087
2026-06-18 18:00:00,230.88114132689807,30.390112036522588,200.49102929037548,28.992144748792803,71.49031279306641,440.23690864370303
2026-06-18 19:00:00,225.8462515547399,2.5787415116539534,223.26751004308593,29.088373319988342,71.60609925750737,1410.12286560823
2026-06-18 20:00:00,208.49355577064324,0.0,208.49355577064324,28.724804631122673,71.42017383635651,704.9814978419213
2026-06-18 21:00:00,181.31856425797795,0.0,181.31856425797795,28.56939994772963,71.35916958337012,82.56243107654016
2026-06-18 22:00:00,186.91430947843466,0.0,186.91430947843466,28.633718935313553,71.31766763316404,141.4497916255603
2026-06-18 23:00:00,175.15289007971003,0.0,175.15289007971003,27.96107983078902,71.56540397915175,86.63692254409675
2026-06-19 00:00:00,172.7752840604323,0.0,172.7752840604323,28.675462193220568,71.36161834842164,77.8202440618092
2026-06-19 01:00:00,163.61432115023246,0.0,163.61432115023246,29.121654831346497,71.38711750552855,80.81014546533012
2026-06-19 02:00:00,176.70204399702848,0.0,176.70204399702848,28.441732612266243,71.45762046680613,85.53084842590388
2026-06-19 03:00:00,181.62652318181526,0.0,181.62652318181526,28.29194604984048,71.32800970952343,88.88852555746674
2026-06-19 04:00:00,185.36703391038867,0.0,185.36703391038867,28.072448451655518,71.64572278461911,121.7998376440852
2026-06-19 05:00:00,195.06886886871345,0.0,195.06886886871345,28.752877451626837,71.62848245942563,282.5436122319149
2026-06-19 06:00:00,212.73475758378532,32.62338246037189,180.11137512341344,29.008934930433874,71.90345854592024,83.30360479930583
2026-06-19 07:00:00,222.45018043733216,50.51938869595593,171.93079174137623,28.8840353499529,71.99196209839374,89.57417179771514
2026-06-19 08:00:00,231.65643868416885,85.53080722644158,146.12563145772725,28.910921077112697,71.83083772304781,85.3787884956185
2026-06-19 09:00:00,244.10960023447424,95.88373499111354,148.22586524336072,28.82683921464115,71.77709993411113,88.31030964404403
2026-06-19 10:00:00,257.7281021604864,105.17379808680212,152.55430407368428,28.82505548229495,71.93240515736535,88.21731943670197
2026-06-19 11:00:00,272.52982475082945,115.95956089339843,156.57026385743103,29.212829403845813,71.74094274876511,92.08470577835116
2026-06-19 12:00:00,265.9833922238177,108.25777934571305,157.72561287810464,29.551692244312843,71.6392575503374,89.20651174183759
2026-06-19 13:00:00,267.856116635047,121.56965975858589,146.2864568764611,28.915881375251917,71.61366562567552,86.85471277681357
2026-06-19 14:00:00,272.34527685540405,113.62253171913743,158.7227451362666,29.226271890247293,71.40117798431571,85.30846293320306
2026-06-19 15:00:00,260.69952581321917,84.49428094836105,176.20524486485812,28.690735072257446,71.96565733011025,91.70733087939053
2026-06-19 16:00:00,250.7536023377962,82.6261869386691,168.1274153991271,28.821264532649465,72.31617300497852,93.24631833617278
2026-06-19 17:00:00,239.76109048770587,52.69131856346854,187.06977192423733,28.208774715220123,72.79522563982147,136.15611285197588
2026-06-19 18:00:00,240.2259083565753,30.63507811053336,209.59083024604195,27.903598862442912,72.9034580115922,753.9468130367184
2026-06-19 19:00:00,215.75238918461702,3.073003109868242,212.67938607474878,28.386182381019765,72.8282200955489,876.7540162583377
2026-06-19 20:00:00,205.92992467578125,0.0,205.92992467578125,28.172486155499115,72.84766317009525,616.5055779403798
2026-06-19 21:00:00,187.5824802582639,0.0,187.5824802582639,28.44027311483721,72.93555163598441,149.43821542431752
2026-06-19 22:00:00,184.27323895120767,0.0,184.27323895120767,28.574662133265168,72.54968822510922,103.12230244606287
2026-06-19 23:00:00,174.7052244651815,0.0,174.7052244651815,28.200184399026504,72.46583678310998,88.89401792479624
2026-06-20 00:00:00,130.86552140649528,0.0,130.86552140649528,27.354875740351993,72.85269988551411,86.41623992665268
2026-06-20 01:00:00,127.89995329034063,0.0,127.89995329034063,27.412164902778684,73.02396465245177,84.78795371764221
2026-06-20 02:00:00,131.89473497697452,0.0,131.89473497697452,27.59874893297332,72.93444814641609,84.4447827739428
2026-06-20 03:00:00,135.80439113898657,0.0,135.80439113898657,27.555532355234696,72.7865369215726,90.43161844375514
2026-06-20 04:00:00,143.63203048163234,0.0,143.63203048163234,27.573585444293066,72.50450145681096,79.35123363380886
2026-06-20 05:00:00,151.53569945973925,0.0,151.53569945973925,27.310420980506784,72.35810027747202,80.75174575351504
2026-06-20 06:00:00,163.69827283250243,31.732556696301035,131.9657161362014,27.43288326031529,72.1291690498119,83.51291748770528
2026-06-20 07:00:00,184.27155939130344,59.40920065817016,124.86235873313328,26.810896029106484,72.25938871573163,76.9962560571946
2026-06-20 08:00:00,192.3198511941463,78.61750759494194,113.70234359920437,27.133643712331008,72.23208810565508,83.94761540028945
2026-06-20 09:00:00,210.9643916994762,95.03727112749185,115.92712057198436,27.467102983788177,72.4656614284371,81.29562486313826
2026-06-20 10:00:00,213.24430056699,106.09175890043002,107.15254166655998,27.45334394976843,72.36448731877674,82.41519600756072
2026-06-20 11:00:00,220.4907851158315,127.4689700911301,93.0218150247014,27.320445735483293,72.13137975817605,79.27468986990966
2026-06-20 12:00:00,233.61532678400627,124.53790199467933,109.07742478932694,26.946943196793306,71.95179291706432,80.21103977564795
2026-06-20 13:00:00,229.29258343182812,121.07446500880027,108.21811842302785,26.635759490308004,72.16909698576283,81.37126259716116
2026-06-20 14:00:00,226.85039849721815,110.1444110736463,116.70598742357186,26.410132829757544,72.24316933561664,82.7985274271619
2026-06-20 15:00:00,221.5694899981901,91.1567740886767,130.4127159095134,26.47905717190574,72.09034613270612,81.39677168631823
2026-06-20 16:00:00,222.3561757406874,69.58715420713976,152.76902153354763,26.58260589493814,72.15204848685649,78.9124240334242
2026-06-20 17:00:00,205.28440234681128,43.30861504696434,161.97578729984693,26.99600651128908,72.06261293744167,93.11533978451958
2026-06-20 18:00:00,196.20244543880287,23.111437174696043,173.09100826410682,26.398195619439527,72.14723666711242,86.05560332940146
2026-06-20 19:00:00,185.4974160575298,0.3716036733705707,185.12581238415922,26.074927238745488,72.11461018002859,110.88703063021232
2026-06-20 20:00:00,169.24756027311477,0.0,169.24756027311477,26.21689901578148,72.00821720928924,86.03018149319524
2026-06-20 21:00:00,149.74972312333867,0.0,149.74972312333867,25.671690584527134,72.14027161188154,76.1070770509142
2026-06-20 22:00:00,146.57174746440293,0.0,146.57174746440293,25.894251339227093,71.92171788047067,75.26917679084748
2026-06-20 23:00:00,143.2307020623045,0.0,143.2307020623045,26.049263244167776,72.14863762821061,75.70780648114182
2026-06-21 00:00:00,136.10286628276592,0.0,136.10286628276592,25.418967091841925,72.37130703139677,77.09245381100385
2026-06-21 01:00:00,131.18870190583073,0.0,131.18870190583073,25.813688986559242,72.68718499590209,81.94823645107898
2026-06-21 02:00:00,129.18510525461485,0.0,129.18510525461485,26.253232769055877,72.69712962995938,84.64964538425907
2026-06-21 03:00:00,141.3267264275694,0.0,141.3267264275694,26.49616190187324,72.89371830494115,80.78072359468224
2026-06-21 04:00:00,135.48038763230764,0.0,135.48038763230764,25.215677407189432,73.11278804113891,81.11712530744522
2026-06-21 05:00:00,160.46501748196187,0.0,160.46501748196187,25.14820480043747,73.34770634102019,80.17987802775149
2026-06-21 06:00:00,173.4758684387038,25.697640142955468,147.77822829574833,25.638145814804947,73.29645284837612,79.66759547855513
2026-06-21 07:00:00,175.70178038294137,48.34109954193008,127.36068084101129,25.87331467063877,72.77566617422563,83.4880978406827
2026-06-21 08:00:00,193.48552945817985,76.52454366108594,116.96098579709391,25.47983844228302,72.74248523336814,84.84128107398341
2026-06-21 09:00:00,196.13331417646205,90.03297143439038,106.10034274207167,25.342358464184436,72.7088798967028,32.512149661400414
2026-06-21 10:00:00,215.11427908357044,110.94554671326937,104.16873237030107,25.527100690061992,73.16976964984497,80.71710139393576
2026-06-21 11:00:00,220.34421153665548,117.07828215754333,103.26592937911215,26.553754589699732,72.8996684579716,75.59513677671985
2026-06-21 12:00:00,221.7446505870088,117.20991139907018,104.53473918793863,26.671419166036113,72.35559415591116,86.18830808793125
2026-06-21 13:00:00,231.34476769293758,101.27713589187373,130.06763180106384,26.43129633269131,72.2450397031631,85.62463167771217
2026-06-21 14:00:00,236.54201448584766,121.5532742145616,114.98874027128606,26.024698025356834,72.61240168420211,75.70902652810312
2026-06-21 15:00:00,228.09897239955743,92.345539078786,135.75343332077142,26.371744211994134,72.92501202457817,83.57877526267792
2026-06-21 16:00:00,213.3511695999966,68.99433046199745,144.35683913799915,26.747633914080566,73.08893815075822,78.52310464857544
2026-06-21 17:00:00,212.35227993620992,47.37477024095702,164.9775096952529,26.467994801794973,73.1618508772385,83.04552369012458
2026-06-21 18:00:00,197.62148439886425,23.363050849980606,174.25843354888366,26.848963557224902,73.26049652153235,80.18988200095292
2026-06-21 19:00:00,190.25997787413297,2.3034876522328775,187.95649022190008,27.020257096369455,73.58406129266953,150.86137117887336
2026-06-21 20:00:00,165.73195636679424,0.0,165.73195636679424,27.726080166819074,73.65346391479628,85.10159673317042
2026-06-21 21:00:00,159.86352039358633,0.0,159.86352039358633,27.836040493565562,73.704167367949,88.33883567538172
2026-06-21 22:00:00,154.26597865369376,0.0,154.26597865369376,28.166368105531284,73.44417649061097,86.68908918594175
2026-06-21 23:00:00,127.2723073735976,0.0,127.2723073735976,27.66886849395438,73.32162151938996,87.92298320465105
2026-06-22 00:00:00,175.5413052912321,0.0,175.5413052912321,27.66247909972619,73.56861608014717,87.57157958477443
2026-06-22 01:00:00,164.6413853396583,0.0,164.6413853396583,27.35084050462341,73.63716577444352,85.33248205686296
2026-06-22 02:00:00,168.6288639259647,0.0,168.6288639259647,27.29589762024833,73.5557858745934,78.58502541179114
2026-06-22 03:00:00,177.12673364597254,0.0,177.12673364597254,27.403537054126662,73.57317339064254,81.82119140327092
2026-06-22 04:00:00,186.38418897413746,0.0,186.38418897413746,27.484064812021202,73.30937842211954,124.23999027931912
2026-06-22 05:00:00,203.69820540975252,0.0,203.69820540975252,28.013127814739892,73.34508616937342,533.597395592464
2026-06-22 06:00:00,208.10322143821287,34.620385862669366,173.4828355755435,27.911919974018517,73.06768870686076,85.4890510281632
2026-06-22 07:00:00,220.07069551810247,43.5083105844223,176.56238493368016,27.958026907884882,73.2823947360347,77.29018498093143
2026-06-22 08:00:00,229.77159708566793,75.74580143917335,154.0257956464946,27.823896026084768,73.54034911790453,90.07740126595255
2026-06-22 09:00:00,239.7430451611559,90.11859731845516,149.62444784270073,27.634752283059075,73.78403061610392,85.77210694476508
2026-06-22 10:00:00,249.62874651787618,112.29051184242041,137.33823467545577,28.23546336053901,73.76194159894625,82.28156617534954
2026-06-22 11:00:00,267.63165827980424,111.90229993961213,155.7293583401921,28.0063336466239,73.38981156676803,89.71400897428181
2026-06-22 12:00:00,264.0230029999116,125.02297530728764,139.00002769262397,27.207905610161383,73.50196538672361,79.59745701439861
2026-06-22 13:00:00,278.1801495370178,124.00687529854544,154.1732742384724,26.65688523420887,73.91080991682423,85.23034056048303
2026-06-22 14:00:00,271.547448148654,95.28749560543234,176.25995254322163,27.140302944620043,73.83928047295032,84.26392604704542
2026-06-22 15:00:00,269.7877928912542,101.44189566459755,168.34589722665663,27.881701106716015,73.76476371814056,86.14446333358762
2026-06-22 16:00:00,254.5545164735527,74.22013919065898,180.3343772828937,28.110275828881083,73.76988359685515,89.08417545990162
2026-06-22 17:00:00,252.60245646509634,48.959352104623704,203.64310436047265,28.91970932540432,74.09060831523783,537.2884971358571
2026-06-22 18:00:00,231.28045907223114,25.454688622167158,205.82577045006397,28.949069050562258,73.86760470131583,605.4307869830675
2026-06-22 19:00:00,220.06192262086316,0.0,220.06192262086316,28.677781669204304,73.68233414987512,1232.5634165689094
2026-06-22 20:00:00,199.84890155246012,0.0,199.84890155246012,28.587733899396923,73.5524233308205,416.1282511163959
2026-06-22 21:00:00,188.16781007797454,0.0,188.16781007797454,28.712507162339435,73.82931034324403,150.9894224591281
2026-06-22 22:00:00,181.5151934882646,0.0,181.5151934882646,29.446453822574696,73.78520014915263,90.60534830324015
2026-06-22 23:00:00,178.88885164703723,0.0,178.88885164703723,30.08932231882251,73.64459659228181,90.50619051177948
2026-06-23 00:00:00,173.6110399128547,0.0,173.6110399128547,29.8747535508359,73.64942425864923,86.83914402557822
2026-06-23 01:00:00,173.85846906573698,0.0,173.85846906573698,29.763335228532537,73.75827711502207,85.97135423185725
2026-06-23 02:00:00,173.0655108066984,0.0,173.0655108066984,29.72646355912361,73.38668381900062,88.29216919229798
2026-06-23 03:00:00,168.60180880606492,0.0,168.60180880606492,29.701177704948133,73.15302760694432,84.9100945117728
2026-06-23 04:00:00,181.99427473227996,0.0,181.99427473227996,29.73645683422688,73.71858062427623,89.69747584018681
2026-06-23 05:00:00,192.79975977418616,0.0,192.79975977418616,29.41773699224588,73.75699318002091,236.82048154736444
2026-06-23 06:00:00,209.41939930857617,37.05108174845484,172.36831756012134,29.313557860501685,74.15460605668093,89.91847800703425
2026-06-23 07:00:00,224.09178698373432,50.760206069124735,173.3315809146096,29.704019343142637,73.83573537858413,92.48699744283019
2026-06-23 08:00:00,229.29626300057896,74.26394711411524,155.03231588646372,29.32191395493215,74.04334180666858,92.22878231541641
2026-06-23 09:00:00,237.5857462184472,89.92378305067139,147.6619631677758,29.380545155122924,74.17037794846114,92.67503212608987
2026-06-23 10:00:00,257.66061799418975,106.14822714343589,151.51239085075386,29.073315645264483,74.01011833963281,83.72585146441853
2026-06-23 11:00:00,270.1844619923084,118.10460788371682,152.07985410859158,28.344529623408047,74.20087954602333,84.03918277824673
2026-06-23 12:00:00,275.2461924754265,112.75860068929846,162.487591786128,28.204267502499565,74.06405434767836,91.62672808006565
2026-06-23 13:00:00,268.32468495649147,114.78342371250164,153.54126124398982,29.247414678599462,73.57966696232707,87.89981759009147
2026-06-23 14:00:00,267.3523081043001,103.53838021228134,163.81392789201877,29.076411943036586,73.41395158234086,90.8566427505395
2026-06-23 15:00:00,260.2604660208425,98.7642024533675,161.496263567475,29.096518547364326,73.4135791302048,83.77123276366385
2026-06-23 16:00:00,261.60487362022997,81.5252062615927,180.07966735863727,29.063033673285272,73.63155345512685,87.54368685875438
2026-06-23 17:00:00,244.23846290616805,53.68193642693016,190.5565264792379,29.303811600817696,73.43682426309634,191.67252285441987
2026-06-23 18:00:00,236.4741858317385,25.22310635706037,211.25107947467814,28.718098205960924,73.3846284037383,822.0162279206553
2026-06-23 19:00:00,220.1855603403916,0.0,220.1855603403916,28.99392978610739,73.16185953546241,1249.2084616268185
2026-06-23 20:00:00,211.68173599567527,0.0,211.68173599567527,29.160859475411236,73.30435690395663,837.5260586259079
2026-06-23 21:00:00,203.36180311706272,0.0,203.36180311706272,29.103889772391057,73.4216092004829,526.6815389791856
2026-06-23 22:00:00,183.85775468061763,0.0,183.85775468061763,29.398098550039762,73.37701187939935,101.47637169224886
2026-06-23 23:00:00,178.0071640595785,0.0,178.0071640595785,29.26539170659427,73.41280128530008,87.54532947003231
2026-06-24 00:00:00,171.58298088835718,0.0,171.58298088835718,28.961154765265675,73.42006051120529,88.1417759809154
2026-06-24 01:00:00,169.19481253272681,0.0,169.19481253272681,28.653454442728332,73.7956857197933,89.99857585747512
2026-06-24 02:00:00,168.2591703856261,0.0,168.2591703856261,28.300906052112182,74.08639797382911,90.30030194468695
2026-06-24 03:00:00,170.47054208877293,0.0,170.47054208877293,28.578657740814727,74.49027024063889,87.37178561066565
2026-06-24 04:00:00,172.1637630128714,0.0,172.1637630128714,29.124653378684396,74.29850786259513,89.67490526508074
2026-06-24 05:00:00,195.02009160238686,0.0,195.02009160238686,28.71375530169797,74.37095722702212,288.60066290618846
2026-06-24 06:00:00,206.33532990794598,25.817685337571763,180.51764457037422,28.48823414486994,74.48139540554027,78.04449857754109
2026-06-24 07:00:00,223.9633519103747,56.445939666971555,167.51741224340316,28.342825472175463,74.7391193424393,80.97995431193135
2026-06-24 08:00:00,231.43133975781203,84.04482430374492,147.3865154540671,29.35056880216786,74.61117541450477,85.13191007446306
2026-06-24 09:00:00,236.19044211142477,89.96778937080339,146.22265274062138,29.556357509155717,74.58699649781109,95.53056060276309
2026-06-24 10:00:00,258.7007185474227,108.02861301718615,150.67210553023654,29.843783257982402,74.29410761585562,88.88398702257594
2026-06-24 11:00:00,275.0713423400282,107.25024205740807,167.82110028262014,29.521263944418795,74.15304524481331,83.6189674268581
2026-06-24 12:00:00,266.2040805322611,116.74011436296011,149.463966169301,29.85159727969291,74.34455860224715,90.16019819963135
2026-06-24 13:00:00,273.9814850766564,123.20619743131441,150.77528764534196,29.55691243098235,74.54491325139652,89.15567591727532
2026-06-24 14:00:00,273.8372121895559,113.7639480297418,160.07326415981407,29.265720922994642,74.3709522426898,90.68815603492584
2026-06-24 15:00:00,257.89940508577547,101.31206596706772,156.58733911870775,28.426332818850906,74.13252139756246,89.64363759785365
2026-06-24 16:00:00,250.58498339806175,81.42577749466746,169.1592059033943,28.948597308025274,74.09092118036348,90.07114432972608
2026-06-24 17:00:00,247.65442887130675,57.32896781972848,190.32546105157826,29.243617533206898,73.96517100689847,186.1686675347959
2026-06-24 18:00:00,229.4221345540691,23.846357305704405,205.5757772483647,29.392553969949404,74.3186433478461,597.017654453834
2026-06-24 19:00:00,212.9809364676992,0.0,212.9809364676992,29.92687047694106,74.21087013975449,905.3413521830965
2026-06-24 20:00:00,208.47877064029612,0.0,208.47877064029612,29.535493588565323,74.37792622183065,714.0179594931622
2026-06-24 21:00:00,206.30583089016403,0.0,206.30583089016403,29.8593910864844,74.56665524567124,629.065411206551
2026-06-24 22:00:00,176.71073004985735,0.0,176.71073004985735,29.680294849188584,74.72521313084816,92.13656441859345
2026-06-24 23:00:00,172.25088209345816,0.0,172.25088209345816,30.147665242353483,74.58116933319512,85.58952303033121
2026-06-25 00:00:00,173.9675338655927,0.0,173.9675338655927,30.80155961286824,74.41050075581437,92.11582053713997
2026-06-25 01:00:00,166.7769637286351,0.0,166.7769637286351,30.624386641731775,74.32867211120012,93.50645301661115
2026-06-25 02:00:00,169.37358185728343,0.0,169.37358185728343,30.447585963141403,74.34537533996561,89.62915431970244
2026-06-25 03:00:00,175.30893182480503,0.0,175.30893182480503,30.47761283905479,74.20731286085257,92.74137198203654
2026-06-25 04:00:00,182.38516420212332,0.0,182.38516420212332,30.627607368657934,74.34800272342933,95.66235024997594
2026-06-25 05:00:00,193.5806221457319,0.0,193.5806221457319,30.796051566366373,74.41624470360483,258.09440489810316
2026-06-25 06:00:00,203.86844180712464,26.16025021839547,177.70819158872916,30.779443796982882,74.65768736871355,98.52497294476665
2026-06-25 07:00:00,223.86497072272965,40.5523393914107,183.31263133131895,30.891631240987707,74.61745024305367,105.40166943359239
2026-06-25 08:00:00,230.72364267155928,80.69442850241991,150.02921416913938,31.917184363089113,74.88175484938436,83.40128029634695
2026-06-25 09:00:00,241.45314008137734,94.84641668044192,146.60672340093544,31.898469655101945,74.94950826030684,92.07458284618987
2026-06-25 10:00:00,256.2544540460652,110.24684588570712,146.00760816035807,31.739111629089102,74.79042027484294,90.31506996072834
2026-06-25 11:00:00,266.7141274611886,113.79744285295094,152.91668460823763,31.88526638981711,75.11342685505333,95.65759266697792
2026-06-25 12:00:00,269.8889283492486,120.39527435485292,149.4936539943957,31.972027163522714,75.0876275062332,96.20136548206256
2026-06-25 13:00:00,272.3872113949441,116.09378643349467,156.2934249614494,31.61683290832609,75.14018217784248,94.53959525236958
2026-06-25 14:00:00,274.5088122058766,118.8679307986496,155.64088140722703,31.558902987048498,75.49573525251557,89.0785851139121
2026-06-25 15:00:00,252.97647766307037,102.24046882408679,150.7360088389836,31.676596360184384,75.38894263126173,92.65785636776927
2026-06-25 16:00:00,249.14531705697124,82.07034056796395,167.07497648900727,31.928336271314897,75.48132306307427,95.34247344140523
2026-06-25 17:00:00,240.08090789107206,51.58802452503593,188.49288336603612,31.983221139328354,75.37578174975071,165.74000476127617
2026-06-25 18:00:00,226.44338301394345,26.61630505697358,199.82707795696987,32.10498079983467,75.63643001054494,409.25501252703776
2026-06-25 19:00:00,220.48065717491383,0.0,220.48065717491383,32.040902247861915,75.4015722738319,1259.7620947438638
2026-06-25 20:00:00,207.20479892797226,0.0,207.20479892797226,31.970673613351092,75.38321519450906,674.2496667058962
2026-06-25 21:00:00,200.75289325736136,0.0,200.75289325736136,31.973299367720234,75.6007169935419,445.94744430038065
2026-06-25 22:00:00,183.75593730081772,0.0,183.75593730081772,31.58778804870739,75.85956113472791,110.6424639998181
2026-06-25 23:00:00,170.62019951432637,0.0,170.62019951432637,30.776343879906776,75.98152450271776,92.75656961078195
2026-06-26 00:00:00,179.07969566678716,0.0,179.07969566678716,30.29488263180655,75.52791002240481,94.48020339096087
2026-06-26 01:00:00,176.17345968924025,0.0,176.17345968924025,29.842675093371767,75.83491343190079,90.74512619805293
2026-06-26 02:00:00,173.1845699981385,0.0,173.1845699981385,30.380029634408007,75.84535695606891,86.07709342520803
2026-06-26 03:00:00,186.04599391929983,0.0,186.04599391929983,30.235390655431516,75.80492165539447,125.26102439069619
2026-06-26 04:00:00,199.2775996788571,0.0,199.2775996788571,30.26329131273585,75.86568490512333,400.419801133268
2026-06-26 05:00:00,192.16863129644028,0.0,192.16863129644028,30.47109584674057,76.0204434588844,222.1940571894709
2026-06-26 06:00:00,204.0841814148794,34.50269814622991,169.5814832686495,31.064605652281703,75.82140760898675,85.07536281871248
2026-06-26 07:00:00,224.43476314139048,53.29558647944157,171.1391766619489,31.834704303367314,75.93329212746609,105.60574388764881
2026-06-26 08:00:00,231.50208959765553,71.94324004235087,159.55884955530468,32.11208058418111,75.83254095706528,87.229070491871
2026-06-26 09:00:00,249.3840557959465,103.52478806817673,145.85926772776975,31.97384142331238,76.22424125830176,94.25367406666997
2026-06-26 10:00:00,259.5745352665896,107.32290326688263,152.25163199970694,31.29488986909591,76.46898565319927,92.93022837518691
2026-06-26 11:00:00,260.7836528704235,117.9134457246756,142.8702071457479,31.635101786049823,76.50253393023425,91.64349826078318
2026-06-26 12:00:00,273.9039213151525,113.98101335704257,159.92290795810993,31.71489121452188,76.91399073091372,97.6061415372512
2026-06-26 13:00:00,274.24570608929525,113.56580171261845,160.6799043766768,31.269551691978364,76.92062639428588,95.89985314298211
2026-06-26 14:00:00,267.09179227904974,108.64175224293078,158.45004003611896,31.026149374095166,76.62015256063181,90.73686810134353
2026-06-26 15:00:00,269.2776556630264,89.96360936521671,179.31404629780968,30.091493106209633,76.76511741346985,93.77533880982241
2026-06-26 16:00:00,271.1170590761131,66.55863629359584,204.55842278251725,29.80036538404568,76.91619092222832,560.0910630431981
2026-06-26 17:00:00,249.12249770877517,45.8398830581086,203.28261465066657,30.35645128177999,76.88131759622881,522.5021544828518
2026-06-26 18:00:00,226.17952145789917,21.95413658158723,204.22538487631195,30.859304718903342,77.00439982878433,555.7044755464775
2026-06-26 19:00:00,218.7826162874246,0.17489853815876627,218.60771774926582,30.977255885830495,77.19282717771739,1167.5936164778293
2026-06-26 20:00:00,205.0403903963551,0.0,205.0403903963551,30.823619313057172,77.16954065195513,584.3262970853533
2026-06-26 21:00:00,191.32835061341717,0.0,191.32835061341717,30.896795179261822,77.16308214721111,216.45838902617345
2026-06-26 22:00:00,187.78852149839219,0.0,187.78852149839219,31.043332863774964,77.16821982626968,154.2582078404189
2026-06-26 23:00:00,186.6280399310764,0.0,186.6280399310764,30.547083005382788,77.13711771461846,145.51124993614349
2026-06-27 00:00:00,133.01689299188126,0.0,133.01689299188126,30.33582150115637,77.11233090630057,87.47600635870947
2026-06-27 01:00:00,125.21448951532591,0.0,125.21448951532591,31.05442549998176,77.37919640595486,90.96714352310515
2026-06-27 02:00:00,134.5539941963539,0.0,134.5539941963539,30.64162968280165,77.50285976174692,87.98820067303303
2026-06-27 03:00:00,130.87170074450248,0.0,130.87170074450248,30.248843241334278,77.59691765023797,88.19735537275231
2026-06-27 04:00:00,149.28632946180025,0.0,149.28632946180025,30.336951348356394,77.40313092816942,95.66761774182132
2026-06-27 05:00:00,156.3341831602947,0.0,156.3341831602947,30.376108334710835,77.41059232577722,94.65655946430878
2026-06-27 06:00:00,164.54171598237062,36.61636380033397,127.92535218203665,30.49127207402369,77.45450756419169,93.91398793994625
2026-06-27 07:00:00,176.23699581689064,47.8727817972022,128.36421401968843,31.302603020596237,77.42827759997532,85.61309180954623
2026-06-27 08:00:00,195.2215468121655,77.28775286928197,117.93379394288354,30.792143640517793,77.62408860040276,93.22852299662226
2026-06-27 09:00:00,211.05094267576197,93.5848903800471,117.46605229571487,30.342410639979754,77.39393219281455,91.87929106636139
2026-06-27 10:00:00,222.30888844011412,104.45860462166941,117.85028381844471,29.75437881783051,77.28427430575525,100.16395355536154
2026-06-27 11:00:00,224.1994113759435,110.72997058699815,113.46944078894535,29.943032445300396,76.7761604168218,90.24196406029326
2026-06-27 12:00:00,229.91790186981348,125.42284459474577,104.49505727506771,30.799604658235143,76.62680532619635,90.4394037475357
2026-06-27 13:00:00,229.13690644977515,117.4055538961872,111.73135255358795,30.718784322593176,76.94529326049192,93.94584995653024
2026-06-27 14:00:00,223.71045393183215,99.53518104633173,124.17527288550042,30.720810102349304,76.73147721898299,89.38189586155427
2026-06-27 15:00:00,219.3015412240777,109.34344995902265,109.95809126505506,30.317325798331535,76.63212235639166,90.36005651100058
2026-06-27 16:00:00,222.292831802884,68.82401586560078,153.4688159372832,30.496541315460792,76.92427839853885,86.14878540257646
2026-06-27 17:00:00,201.5270957222941,53.24019996161009,148.286895760684,30.578345959529848,76.69649374438826,86.61264025272064
2026-06-27 18:00:00,200.72290589365207,21.075497009182683,179.64740888446937,30.76100969198871,76.35912764554296,92.23735163174422
2026-06-27 19:00:00,177.09866951772977,3.263052480821659,173.8356170369081,31.747654858326836,76.49587084043023,100.30321936483207
2026-06-27 20:00:00,158.87577312003134,0.0,158.87577312003134,31.18590792052378,76.73810084162447,89.31259290342426
2026-06-27 21:00:00,152.11577432673943,0.0,152.11577432673943,31.473382434307297,76.82971666638261,94.48777563290541
2026-06-27 22:00:00,146.28371458230652,0.0,146.28371458230652,31.720116644858585,76.32788173930226,95.03180867715321
2026-06-27 23:00:00,135.86693065219328,0.0,135.86693065219328,31.214520627869398,76.37359584104183,93.43395558266631
2026-06-28 00:00:00,134.36652286591305,0.0,134.36652286591305,31.402974317622,76.32148501868896,86.06795337060025
2026-06-28 01:00:00,140.93215326792972,0.0,140.93215326792972,31.24013175319692,76.35163501396299,90.8326938623406
2026-06-28 02:00:00,133.24810228896533,0.0,133.24810228896533,31.204675521052984,76.31910653583657,94.60975792972127
2026-06-28 03:00:00,136.64969104667003,0.0,136.64969104667003,31.27918206473483,76.21548126526693,104.71347066585668
2026-06-28 04:00:00,142.17924428632853,0.0,142.17924428632853,31.126357466928987,76.31160161909546,87.53167261115198
2026-06-28 05:00:00,153.88595879858016,0.0,153.88595879858016,30.419775235444263,76.12042861374275,96.6487617439222
2026-06-28 06:00:00,175.2770985372765,25.996485528874796,149.2806130084017,30.462032083646868,76.01896661823591,86.4464902433232
2026-06-28 07:00:00,185.83626220266498,58.6625311520381,127.17373105062688,30.970374925000506,76.08948160230608,94.85539325374809
2026-06-28 08:00:00,201.2347637076347,78.71439956959854,122.52036413803616,31.29794973254777,76.15718977598173,87.32851759461157
2026-06-28 09:00:00,206.27169155149682,95.00590921191633,111.26578233958048,31.32342867349419,76.09977830626019,97.15717612816172
2026-06-28 10:00:00,212.29556533544064,108.35434014060674,103.9412251948339,31.264785062325146,76.32952760457094,96.52015164369475
2026-06-28 11:00:00,223.69364294464947,119.45051109041106,104.24313185423841,31.328905425167804,76.8431332470244,94.51048186879702
2026-06-28 12:00:00,227.16812600776834,118.12626437210787,109.04186163566047,31.778747296056245,76.34843046811045,93.55937861010527
2026-06-28 13:00:00,237.21029809736854,113.06901606499605,124.14128203237249,30.970621112003496,76.25391602099343,91.04602679642323
2026-06-28 14:00:00,232.15061385438833,106.26069074795237,125.88992310643596,31.580135573067697,76.30732840617688,91.10698438558397
2026-06-28 15:00:00,214.08173076681993,90.61345443002739,123.46827633679254,31.29417196703368,76.48474600583158,90.29533879166253
2026-06-28 16:00:00,209.5661979645145,69.72147122656361,139.84472673795088,30.743992973557535,76.36712983148567,91.35697174419288
2026-06-28 17:00:00,203.6612242054368,54.18437276085566,149.47685144458114,31.217626792871418,76.04376752575692,95.32779981828423
2026-06-28 18:00:00,201.58172116956973,21.456893038143235,180.1248281314265,31.81442230747389,76.21513490506803,88.34426608310658
2026-06-28 19:00:00,176.66572653822186,0.0,176.66572653822186,31.25890941791775,76.21156925473889,88.90415584804069
2026-06-28 20:00:00,167.9561760174428,0.0,167.9561760174428,31.040506715049844,76.16697074594208,91.82173889338011
2026-06-28 21:00:00,157.07459692375642,0.0,157.07459692375642,31.047599942733193,76.28535780416784,91.9235862769304
2026-06-28 22:00:00,147.36186668007957,0.0,147.36186668007957,31.084624863467308,76.0114447485892,94.43089055300614
2026-06-28 23:00:00,139.79130793758398,0.0,139.79130793758398,30.881477760084707,75.99171457196785,95.86497664400807
2026-06-29 00:00:00,168.95542915244283,0.0,168.95542915244283,30.951819625278237,75.89516948316134,91.33634308715244
2026-06-29 01:00:00,174.90423848509184,0.0,174.90423848509184,30.996823370544504,75.97804218301556,96.3217747935997
2026-06-29 02:00:00,168.5450704002509,0.0,168.5450704002509,31.296705917521905,76.16255620063411,92.86471936361026
2026-06-29 03:00:00,181.33032596025419,0.0,181.33032596025419,31.745524826188717,76.17215656834259,86.69814257715376
2026-06-29 04:00:00,182.91096345590537,0.0,182.91096345590537,31.269899339801185,76.27517045831091,101.11626679954635
2026-06-29 05:00:00,192.762754725546,0.0,192.762754725546,31.80274767761045,76.43764910950085,238.36025036657685
2026-06-29 06:00:00,206.7301492834428,36.03353227890268,170.69661700454014,31.984077226866695,76.31370747947533,95.1137534513666
2026-06-29 07:00:00,215.8949691279208,53.00585393976388,162.88911518815692,31.237610637850533,76.37726411941328,91.15830317092384
2026-06-29 08:00:00,235.10769555548885,82.73291264882165,152.37478290666718,31.426478341585423,76.26725670283439,96.9887628311048
2026-06-29 09:00:00,255.27410409697492,85.00295522811427,170.27114886886065,31.729012707873828,76.21440516532871,90.8836292012143
2026-06-29 10:00:00,244.30939896432483,112.8905861581784,131.41881280614643,30.60732666605882,76.34735892118853,91.87517362592418
2026-06-29 11:00:00,265.14438973228346,113.9862010313743,151.15818870090914,30.17897033223675,76.42390928748446,79.47476943550676
2026-06-29 12:00:00,256.5350103322435,122.6832513193946,133.85175901284887,30.455877841257067,76.08322096803403,94.52807117314454
2026-06-29 13:00:00,272.07243074734123,121.29738784605776,150.77504290128348,30.431109685340566,76.13270280481844,86.70702161221213
2026-06-29 14:00:00,257.8104674676341,104.09797612461037,153.71249134302374,30.715082946877448,76.39598637719419,91.465024262494
2026-06-29 15:00:00,259.87774372720725,96.76433758093322,163.11340614627403,30.67171189824478,76.52824384897674,97.0869047953316
2026-06-29 16:00:00,256.19287424024674,74.18984314197333,182.00303109827342,30.816187813318095,76.7819600138456,93.500321471984
2026-06-29 17:00:00,238.19877849108443,42.44567396594995,195.75310452513446,31.236977749708245,76.87344061230034,311.8075596066307
2026-06-29 18:00:00,233.5596697758217,24.443214302207636,209.11645547361405,31.322588949446768,76.80545544894763,742.9569690430405
2026-06-29 19:00:00,223.2241022138152,0.0,223.2241022138152,31.371414971700037,76.63739791865244,1413.026207208728
2026-06-29 20:00:00,210.99635545603036,0.0,210.99635545603036,31.95513485962431,76.71414399714554,817.3431926586721
2026-06-29 21:00:00,188.3963815306362,0.0,188.3963815306362,32.48537894205447,76.4403625319522,166.49151444419127
2026-06-29 22:00:00,188.49933691444943,0.0,188.49933691444943,32.53787152250218,76.67542609773676,177.19129759779946
2026-06-29 23:00:00,174.05238396214057,0.0,174.05238396214057,33.20345803511637,76.79624662174989,97.50147135179844
2026-06-30 00:00:00,174.35821648641445,0.0,174.35821648641445,33.60185251947767,76.92183527105766,95.14004825644088
