Fecha_Hora,Radiacion_Solar,Temperatura_Ambiente,Velocidad_Viento,Nubosidad_Porcentaje,Humedad_Relativa,Generacion_MW
2026-06-01 00:00:00,0.0,9.731024790008782,3.2693568973757827,54.77804811712446,81.25220548494283,0.0
2026-06-01 01:00:00,0.0,11.794930613341531,4.3693606117298165,66.3351090865937,76.46022839081395,0.0
2026-06-01 02:00:00,0.0,9.722646795335516,1.305747420940607,57.06041495662065,87.28161264746758,0.0
2026-06-01 03:00:00,0.0,9.624805553752621,2.056771922978697,44.92853794423358,80.20836492812084,0.0
2026-06-01 04:00:00,0.0,13.18120899334207,6.400827815888851,42.28193357436538,80.51150250816701,0.0
2026-06-01 05:00:00,0.0,12.458203089947292,2.6862114420572087,38.99547075411365,73.508092140012,0.0
2026-06-01 06:00:00,263.4373531809786,13.88730805545466,1.9061780346361208,46.661010426813206,68.9546726691874,2.0372140627220476
2026-06-01 07:00:00,421.1927543719187,16.559227698483895,5.073305505054572,12.281223707245882,55.38907711255825,4.355023246425535
2026-06-01 08:00:00,542.361846235462,22.90901492701846,6.371408309325994,1.1838901144318503,46.56054175231644,5.7140629170324235
2026-06-01 09:00:00,725.3507359646654,23.185184512485826,5.437906621330134,13.809238687939063,24.484034582016243,6.542260900323839
2026-06-01 10:00:00,792.3352733996787,30.63219127297655,5.992095371611633,28.45590535483774,10.0,4.709969783536094
2026-06-01 11:00:00,858.805930820831,27.362387262412984,2.4864098228610785,52.27340800833191,28.669158973841036,3.940042913899688
2026-06-01 12:00:00,909.6784908626414,34.93698939784832,1.1563786665163125,21.297330276600157,10.0,5.074986885404522
2026-06-01 13:00:00,800.9039111773293,33.90763611627275,7.0026673039109735,10.969924624873471,10.0,5.495875748829182
2026-06-01 14:00:00,741.8752678116559,33.854930332194414,3.3546403223157286,6.8349481865989725,10.0,5.951369082773563
2026-06-01 15:00:00,681.156833051588,32.773731285255394,3.498333967089905,41.16185264162657,19.76006222061019,3.1711773765205407
2026-06-01 16:00:00,520.6275768594834,32.99100901694137,6.656388283698115,13.465024196724631,12.131866594207139,3.1166121260996684
2026-06-01 17:00:00,403.06525850961333,30.4288293206013,5.11246001880132,20.53849888595015,27.16263566489731,3.365838194200873
2026-06-01 18:00:00,163.94787753983462,29.654952823024782,4.911775544163215,33.926447463833256,34.443548918852706,1.1178408879382886
2026-06-01 19:00:00,0.0,25.277170014223312,8.330004689802168,35.32520284165561,54.62823788907555,0.0
2026-06-01 20:00:00,0.0,22.225452642192817,2.712963539239714,83.96981219826353,52.73068140395614,0.0
2026-06-01 21:00:00,0.0,18.34875314044897,5.855680256162474,62.89456432497036,65.37885661466844,0.0
2026-06-01 22:00:00,0.0,15.914581564418397,4.114026249794169,40.29606617221199,62.31475600427686,0.0
2026-06-01 23:00:00,0.0,13.976421279099519,4.537184557726514,69.19384537697707,83.41686263518696,0.0
2026-06-02 00:00:00,0.0,9.042442565601798,7.056936852825063,43.96547307059402,80.71715324552787,0.0
2026-06-02 01:00:00,0.0,8.386611951372611,5.015671512579248,24.610590027618098,83.2705935216816,0.0
2026-06-02 02:00:00,0.0,11.114896141034073,5.076592158099266,41.79244088892521,86.04397951218456,0.0
2026-06-02 03:00:00,0.0,10.665188241723092,6.145014674619604,41.49897550017469,75.73625964502777,0.0
2026-06-02 04:00:00,0.0,11.331720150057718,3.2700945409142292,51.491472511268654,85.67347141457765,0.0
2026-06-02 05:00:00,0.0,13.54236952535952,2.3215806653219873,59.378295479373485,70.85790507859116,0.0
2026-06-02 06:00:00,176.20057607150707,16.521372558042508,1.9103816119579329,23.97249796626139,65.02972852087608,1.0596419692435848
2026-06-02 07:00:00,464.5864925861598,18.08453193830571,0.06728682124799645,17.804011286312928,47.0299331450073,4.063261001384573
2026-06-02 08:00:00,560.6009326833428,20.83254291189653,8.112414259880644,35.96812797268096,34.73670396998298,3.5183919458509356
2026-06-02 09:00:00,661.3398970629908,25.399596423876773,1.7935832685566337,5.868874210510942,31.43358199305981,5.87742527936704
2026-06-02 10:00:00,843.7737775963047,26.532440833577454,3.557492752828456,44.23528978713429,24.821422009873615,4.7987211149285836
2026-06-02 11:00:00,828.6013749648004,31.097660507810275,3.446373400222159,42.887595715070105,10.0,3.728299523403247
2026-06-02 12:00:00,908.3545438001902,29.838429439056505,4.614813395618201,29.856673231266356,11.537213213337727,5.426354720557155
2026-06-02 13:00:00,799.0483160084502,35.134843371457286,5.6314744250785935,12.534025495832681,11.762658584516457,5.630772363315881
2026-06-02 14:00:00,757.74453915624,34.70889622361956,5.720946976719491,19.740920792742248,10.85046613205673,4.80345291262852
2026-06-02 15:00:00,711.5227836559919,33.97515451693963,2.8338451228621233,47.98650615726526,10.0,3.007508703834769
2026-06-02 16:00:00,590.6794848726767,33.86634132133153,3.665756572427177,6.423019594074096,11.559304302984359,4.1345806344424565
2026-06-02 17:00:00,397.3500964534012,32.98349304093244,4.5651599009765995,31.25413595825751,31.85373265020697,2.2083365288620898
2026-06-02 18:00:00,195.64290926515343,29.521555097527195,3.5026177476329057,9.504926054136025,27.852942177976715,1.8950314545884437
2026-06-02 19:00:00,0.0,22.344517194232786,7.214691152039985,52.58849753566442,55.01497273949141,0.0
2026-06-02 20:00:00,0.0,20.08063454989645,4.981949903276503,44.93819556768163,52.51524653173738,0.0
2026-06-02 21:00:00,0.0,17.956943592226235,5.4697555720996345,60.95227149851231,70.66018603976893,0.0
2026-06-02 22:00:00,0.0,16.03913657531625,5.325762537334826,84.76793134341847,67.88610878832581,0.0
2026-06-02 23:00:00,0.0,14.291207156465115,6.34694771497065,47.73624081806177,72.30845611091695,0.0
2026-06-03 00:00:00,0.0,10.519079434856538,4.3620431174074135,37.58186120373214,92.80630267842497,0.0
2026-06-03 01:00:00,0.0,10.689040231246798,1.406336104088307,30.794772912430243,75.65455615882443,0.0
2026-06-03 02:00:00,0.0,8.866925601470015,4.799375903505283,52.97622658408805,91.00902836735264,0.0
2026-06-03 03:00:00,0.0,9.491613380043258,2.697286212416342,62.68439485946315,79.06311366787253,0.0
2026-06-03 04:00:00,0.0,9.497703509314402,2.9427666365004863,72.74741776805968,79.83703069344669,0.0
2026-06-03 05:00:00,0.0,12.129868756595075,5.172728037510186,59.14443242773945,88.93113876991285,0.0
2026-06-03 06:00:00,241.50882146052098,13.9724730915755,6.476566142867272,4.647433239922469,64.004337286725,2.4671768963989544
2026-06-03 07:00:00,427.74656997045025,17.430361579303753,4.042543153472123,24.193224062000475,45.435022720802756,3.685244762793967
2026-06-03 08:00:00,527.5721207439547,23.58046269491176,4.617666025197927,36.18595857544589,38.421504928489405,3.2263674295666123
2026-06-03 09:00:00,691.2798391871783,23.681730207982334,7.404429889270476,20.13177765645706,31.034460282584963,5.207867016534698
2026-06-03 10:00:00,824.1225183683198,31.948573097256087,4.4815063589771365,30.3369599843127,13.214657463107535,4.694269005639783
2026-06-03 11:00:00,916.4569260485356,31.2252582255599,9.203366228360789,70.16664786282043,10.0,2.4193273913947344
2026-06-03 12:00:00,880.8330304861884,32.669559030955575,5.1310192912630885,48.607814034159105,19.313614104527023,3.995268589924299
2026-06-03 13:00:00,870.0087618970886,32.303573245197,0.4784744816883646,33.914655658144085,12.07626984687302,4.688059744893934
2026-06-03 14:00:00,766.618582151936,35.050464819113486,5.506683242209065,4.9288996170837525,10.0,5.317093316671912
2026-06-03 15:00:00,655.8000692580001,32.727653176112156,4.7623167697655555,37.167852870614254,15.493425580154957,3.6824689300178637
2026-06-03 16:00:00,593.6418545686282,32.57531956738131,6.579505508165491,32.75587682629464,13.041956107343346,3.018448561978378
2026-06-03 17:00:00,444.74496634863533,34.32540818164176,5.346362702539917,33.46719886441486,16.76826543374265,2.4222072310127474
2026-06-03 18:00:00,197.3884356974697,27.855910150413024,3.7230880320324524,15.2313695266673,33.81432307541574,1.5128406015366007
2026-06-03 19:00:00,40.141315915681076,26.829738530658766,1.5514035274212685,32.95327466269728,55.67187607724215,0.20193395569848405
2026-06-03 20:00:00,0.0,20.94523536231117,3.5819534854279493,22.028770672331838,54.652606199486556,0.0
2026-06-03 21:00:00,0.0,18.841688723024312,2.2989590915813998,29.59430303712714,65.75444431392206,0.0
2026-06-03 22:00:00,0.0,18.656200953453265,2.8389531003905546,41.75235173902051,61.070200983710336,0.0
2026-06-03 23:00:00,0.0,12.57426803907978,5.177156808841219,39.160888718789614,69.05939805897648,0.0
2026-06-04 00:00:00,0.0,14.32636799158213,7.3398090087028125,72.6766621886292,72.33551053133327,0.0
2026-06-04 01:00:00,0.0,11.470517987714393,4.7893430596459625,39.33616325648567,79.06242320999975,0.0
2026-06-04 02:00:00,0.0,9.156299836158599,1.6082338759296313,37.637335213199236,84.48053299145538,0.0
2026-06-04 03:00:00,0.0,11.357501693114461,4.889205336440281,32.80982386139009,64.17390084106637,0.0
2026-06-04 04:00:00,0.0,13.06652682902683,6.393262973291302,53.97824551723153,67.69271777360089,0.0
2026-06-04 05:00:00,0.0,14.447433569087226,2.780434191361236,84.75443160306563,75.89290645693498,0.0
2026-06-04 06:00:00,203.93927162210304,13.644662920164315,3.7319656666541645,17.613828915465355,61.97446119796432,1.47496566137544
2026-06-04 07:00:00,310.99260862176664,17.803465695032447,4.0293763894583945,60.90683351185155,56.07801060283267,1.2199846583809622
2026-06-04 08:00:00,552.3539461593597,21.628722046672742,2.43020337383552,36.22944774339976,33.881814045729804,3.007792627085958
2026-06-04 09:00:00,717.9328370816967,24.99417839758018,5.2965608676877185,8.64481433728293,32.13166360318094,6.108482777513568
2026-06-04 10:00:00,869.9877429018378,28.93100814632602,3.758103702784437,26.664483653175132,20.6946994002707,5.585662792895568
2026-06-04 11:00:00,856.7043122326953,30.75183287563845,4.839064887814056,8.904558910665783,16.45475441260408,6.477052802448898
2026-06-04 12:00:00,867.6602558842725,30.38928830734811,2.2250156443958,56.42227587090672,18.354399770543594,3.275564808003089
2026-06-04 13:00:00,857.3648392202598,34.16140669197777,3.125083399353179,24.00555752944321,13.775742163934337,5.109605235501969
2026-06-04 14:00:00,847.4880658202602,34.915878617925735,5.444762715655543,5.89800185697164,10.0,6.134294701404445
2026-06-04 15:00:00,716.7983786076143,34.43079558736538,3.254333695816466,24.223973838859592,10.0,3.5650637330077655
2026-06-04 16:00:00,539.9504135221787,34.0134759337452,7.45392770246681,23.511251792796735,20.26225357836322,2.9063371133936533
2026-06-04 17:00:00,411.0260625303366,31.736164606061926,3.200727628770795,35.97209961184976,29.847987771153456,2.4001442497264764
2026-06-04 18:00:00,204.15194253460467,28.688770118842655,4.449369451503772,34.03241826897958,33.12618671841692,1.4447275145808824
2026-06-04 19:00:00,38.74579962131568,25.00057997404228,5.8651816637461796,56.251669332033124,45.11703573664804,0.0
2026-06-04 20:00:00,0.0,19.508558599726012,1.1632685341339366,40.97629404001892,57.72181535089545,0.0
2026-06-04 21:00:00,0.0,19.538598787468633,0.47838237603844824,27.694456356066127,52.89732760484301,0.0
2026-06-04 22:00:00,0.0,16.311531530744666,0.9486873708598105,59.43123177223955,61.01988102764029,0.0
2026-06-04 23:00:00,0.0,13.92208688155449,6.525168206854364,37.76089518722003,65.91936301174024,0.0
2026-06-05 00:00:00,0.0,9.692572290856273,2.8962837082151065,35.170106980096264,79.14436304925928,0.0
2026-06-05 01:00:00,0.0,8.787305273918786,9.116398571336504,28.127069937293346,83.7795720313322,0.0
2026-06-05 02:00:00,0.0,11.579729279999356,2.871504802685223,47.34937078351506,79.00790559821316,0.0
2026-06-05 03:00:00,0.0,10.349557353746198,4.369102606394074,70.66751558500042,76.7580740261292,0.0
2026-06-05 04:00:00,0.0,12.629946200645673,7.084219905135751,46.58911324970951,72.32017201730426,0.0
2026-06-05 05:00:00,0.0,13.557196189957121,8.012185776318246,43.261098264610254,73.50391509584206,0.0
2026-06-05 06:00:00,186.56025989961216,16.04463420924362,8.123007153272795,55.16587058543272,54.833850998777265,0.9435232289430014
2026-06-05 07:00:00,358.40427443693756,20.301597167733746,6.416732461186285,28.25750744595417,53.44188009183983,2.528578849800447
2026-06-05 08:00:00,554.6893932062198,21.22593290767394,6.048125051622925,7.797739061231497,47.334378783536884,5.418867220803207
2026-06-05 09:00:00,719.8103684938084,25.250009706641723,5.185053898402366,16.581129369971002,24.777766343462105,5.935282014982581
2026-06-05 10:00:00,886.3194171605984,27.306587066942438,5.5567221523332755,22.30271708267983,16.805062554553277,6.003133060189214
2026-06-05 11:00:00,884.4182334769148,29.833537033090096,2.897628567342933,41.771108110152404,20.016940053738214,4.701805535326864
2026-06-05 12:00:00,910.3020156289106,31.928546660210305,2.363602233155386,65.92702778057513,10.0,2.5454359448250057
2026-06-05 13:00:00,874.4572843329945,33.92431057291939,3.993251085178096,17.979423659417467,10.0,5.74074580581654
2026-06-05 14:00:00,734.1211325002155,33.28187706750479,3.6596307549501432,38.543892301234365,10.95108492098009,3.39330643977713
2026-06-05 15:00:00,702.5877792032583,35.4747441038291,3.0935439013454498,16.51364097358811,15.754415358645417,4.405087761285661
2026-06-05 16:00:00,563.5500300705013,31.05039389208401,5.392774894913431,34.04942837642418,23.44310945497442,2.8541672411759205
2026-06-05 17:00:00,489.02504970521386,30.204973907996532,5.910610417141021,19.94209401467138,27.65757955244648,3.0681678855452983
2026-06-05 18:00:00,192.57440196943816,27.34040341258874,4.176813772583695,47.201084756759606,42.37349380940731,1.0463943229126715
2026-06-05 19:00:00,12.061893693344608,27.276295367760852,6.955060162110524,14.537609007872925,42.309983772039395,0.0
2026-06-05 20:00:00,0.0,22.294832164767364,1.71662177173299,68.35382002222454,53.0941399858526,0.0
2026-06-05 21:00:00,0.0,20.441938267972706,3.612681081440564,67.8435130777553,62.96235166185446,0.0
2026-06-05 22:00:00,0.0,13.771659440444541,2.5663553587943904,40.21331474382184,73.08874526627902,0.0
2026-06-05 23:00:00,0.0,13.915294024565318,0.2669267658538801,91.12894118438568,66.28135691181049,0.0
2026-06-06 00:00:00,0.0,12.942141348021892,3.8346386283146017,45.145426337011415,83.48123942708011,0.0
2026-06-06 01:00:00,0.0,10.532316068444317,3.756504983233433,31.856610341423057,83.82572719959687,0.0
2026-06-06 02:00:00,0.0,11.598220562598026,7.026899486484262,30.425571292167234,76.99169049402903,0.0
2026-06-06 03:00:00,0.0,9.632957409380621,5.2616233691095555,35.98713872601313,79.36658027223893,0.0
2026-06-06 04:00:00,0.0,13.721716314865105,1.9516263513415901,39.05967062695554,73.5499466579202,0.0
2026-06-06 05:00:00,0.0,16.963065811190305,7.708185132668376,66.44113041696767,68.66146887340653,0.0
2026-06-06 06:00:00,160.6473875554554,15.455742159340511,6.442067391050706,29.794200100473116,54.104090376305074,1.0327435177352526
2026-06-06 07:00:00,367.84345602169145,18.225917676668594,5.164195406937232,24.178338724256637,63.07460951344084,2.7602451215034174
2026-06-06 08:00:00,565.1268762763658,24.180076715676552,3.547031802300336,76.84995436296451,30.736618734521326,0.8030744599317593
2026-06-06 09:00:00,683.5093080565789,27.475186759826318,2.0811215265530407,41.114036751009564,24.534819073706213,3.7762600100411383
2026-06-06 10:00:00,748.8454438695319,27.215709959270097,3.255586447857894,18.01315318540516,23.277551179269583,5.272962090028095
2026-06-06 11:00:00,880.1776399558823,29.85500114859478,6.177497239408372,28.66003283191909,23.868919597578227,5.480471450880546
2026-06-06 12:00:00,857.5078514509559,31.969627932122503,7.769172611869218,31.916885016059798,10.0,5.049977703538678
2026-06-06 13:00:00,896.3788181890485,31.574434148917405,7.086487056544378,0.9083207941940705,17.902303628261883,7.538352199989714
2026-06-06 14:00:00,774.095011742825,32.6220220802737,3.022301156427452,33.438894973933095,13.566742834473418,4.022524854943242
2026-06-06 15:00:00,765.6457104219285,32.08489876534072,1.7607651334219776,8.37125339843397,10.0,6.112862844278078
2026-06-06 16:00:00,529.8106899794108,31.240608497757073,4.281772493822408,43.67882485516167,22.297999645617555,2.4070157517799986
2026-06-06 17:00:00,377.61290455757535,30.4332540431584,0.4631212688742967,3.689723951568239,27.21256116838138,2.7354061881566727
2026-06-06 18:00:00,232.80952925546984,28.351322098804783,4.646335428369563,34.510627907532935,30.892717500205197,1.2865775586932031
2026-06-06 19:00:00,0.0,27.431579280451366,3.7047948274026625,50.27693750768202,46.92545528645847,0.0
2026-06-06 20:00:00,0.0,20.502468938891813,3.0679269962635156,36.006112262989205,59.10557587146565,0.0
2026-06-06 21:00:00,0.0,20.37065505648463,0.8105938654664091,55.11890869514887,62.04079841432344,0.0
2026-06-06 22:00:00,0.0,15.679016733661735,5.027200213139433,33.78439465912109,69.6087304306681,0.0
2026-06-06 23:00:00,0.0,13.44052306128278,2.9345983206761774,35.82883465422877,69.86343939236409,0.0
2026-06-07 00:00:00,0.0,12.61992439283664,1.660166328579424,49.3707686558529,78.6018211757783,0.0
2026-06-07 01:00:00,0.0,8.724807052187732,1.7445244265632986,55.775198231502245,79.42839449435665,0.0
2026-06-07 02:00:00,0.0,10.573614619276077,3.9449701898987275,31.490367851725214,63.35441814753149,0.0
2026-06-07 03:00:00,0.0,10.658568396850765,7.544503193339488,38.87759284261001,79.32612794606955,0.0
2026-06-07 04:00:00,0.0,12.34637205059896,7.32251842909574,62.75395597703472,72.53688726263213,0.0
2026-06-07 05:00:00,0.0,13.948471591623157,3.0858074868274565,30.845713854624357,74.01370933873685,0.0
2026-06-07 06:00:00,210.288554574518,19.68295020986634,2.7955758792764387,13.209262435097397,64.31980162273035,2.160172790755674
2026-06-07 07:00:00,404.35329358568134,17.937561482392777,4.937548512150047,29.628302982707023,62.13297669338429,3.0421900322778614
2026-06-07 08:00:00,533.9398328097205,21.203504567497273,2.0032291216234173,35.047642346743885,40.749181269604634,2.844467928866865
2026-06-07 09:00:00,712.938482107667,24.1711177515931,4.6035837996389315,38.27218461918706,26.13703417735351,3.853436139137714
2026-06-07 10:00:00,822.5948800441245,27.16678432125962,5.53216055676938,25.820741312335706,23.912001365746637,5.493402819452102
2026-06-07 11:00:00,848.8610642425865,29.52920068327879,6.453866447768615,41.08356219682849,13.62463874683305,3.9991634682156123
2026-06-07 12:00:00,974.6309804457902,34.17582964207459,3.799691847040094,34.71279734378104,10.0,5.2956142711998915
2026-06-07 13:00:00,896.3884378001127,35.7218662874536,3.5926524996460683,36.84488391442928,10.0,4.4677114012767385
2026-06-07 14:00:00,763.2198412240713,33.14388055937579,2.244034826486878,28.295225028818,12.069105724640048,4.559370406902483
2026-06-07 15:00:00,729.9104785665801,32.34257655581248,2.3462392919202797,19.085828759515163,10.0,4.10788968955745
2026-06-07 16:00:00,522.1535548637675,33.09942817999287,3.5470422161969464,5.703267471125719,24.057804074258566,3.8513201539700197
2026-06-07 17:00:00,421.97874935550044,29.656946807817114,4.734731013632356,29.83008342677755,25.076855449937696,2.3850878322762648
2026-06-07 18:00:00,246.6126637209792,28.949397726633265,5.827169252466499,7.775525424617618,38.00833731377894,1.7354978873335727
2026-06-07 19:00:00,0.0,25.4102130725072,2.3936420986393103,37.97053623659451,42.855737439058004,0.0
2026-06-07 20:00:00,0.0,19.72638382750415,6.985377137919043,26.429298449708135,64.45310162804515,0.0
2026-06-07 21:00:00,0.0,21.215429260764846,3.4577527979148623,59.84282864135943,52.73722113212931,0.0
2026-06-07 22:00:00,0.0,18.69381650964328,3.9572654113031276,35.4273737172675,63.91825101558599,0.0
2026-06-07 23:00:00,0.0,12.595535590034851,2.5055766417043532,73.9514431930941,79.92493368667023,0.0
2026-06-08 00:00:00,0.0,11.02614281468276,0.8484805205458832,49.66697131822626,76.94779987785058,0.0
2026-06-08 01:00:00,0.0,10.837688170618538,5.7680907927220995,71.9751330635019,73.17878910503326,0.0
2026-06-08 02:00:00,0.0,10.501685184980538,5.473687794184867,27.959360174561297,81.48069216571854,0.0
2026-06-08 03:00:00,0.0,11.396706493540425,3.437344885763573,59.66647319891267,73.00168001798642,0.0
2026-06-08 04:00:00,0.0,14.62300196273626,4.133981434449744,44.77024117068022,68.73276807854134,0.0
2026-06-08 05:00:00,0.0,13.249297784520357,5.031878435408199,54.69396462363558,74.82871772843792,0.0
2026-06-08 06:00:00,211.3364725338837,14.80255413319232,0.8749082862269146,14.848331692454453,70.85817773813739,2.3601743720493538
2026-06-08 07:00:00,423.5826951672433,16.82519261674796,2.9418946453074106,27.41937023864198,53.77490068048414,2.980671932090239
2026-06-08 08:00:00,561.6608973479764,20.90360494008712,5.588529359243655,37.458410079401986,41.45725074861208,3.9569648304623755
2026-06-08 09:00:00,761.7896973075195,25.056138081919553,1.4914211536615012,31.807490909213477,30.721597385049566,4.9354803166412475
2026-06-08 10:00:00,800.285707782659,30.691836795276682,4.587115864333258,36.5757384237481,14.859614659331852,4.094422988089638
2026-06-08 11:00:00,986.241887627226,29.70886442568431,1.28683639075319,32.44696814537137,14.17266551897909,5.237407737513365
2026-06-08 12:00:00,925.0266939106002,32.72798677287161,4.932859964867053,44.595106769219605,12.18589336725351,4.126500879246723
2026-06-08 13:00:00,843.1488187069899,33.56647557135969,3.928717035405033,10.937105973986727,10.0,6.047373564332164
2026-06-08 14:00:00,768.0362811897327,35.78258991017213,0.7697363681889811,22.97196153386722,10.0,5.007366999988258
2026-06-08 15:00:00,722.9472308309544,37.38150855427925,6.329478708914342,4.45350377991276,10.0,5.378920794250891
2026-06-08 16:00:00,552.2023102598263,31.596001686032782,2.5308168464039014,5.015787656208412,26.285337374316164,4.237647653731343
2026-06-08 17:00:00,419.05538496948606,29.751122210461237,2.3794951259712382,3.5803578246787424,27.757270123004677,3.650153240823766
2026-06-08 18:00:00,219.19834554362484,29.56624131560361,4.401138394461886,15.959636114821354,32.59591564784454,1.8649289665592181
2026-06-08 19:00:00,0.0,26.12866577566972,6.29727469885743,44.383281385531006,53.576593414676594,0.0
2026-06-08 20:00:00,0.0,24.77006098860405,1.968356362043206,42.13303199280783,49.95325344164242,0.0
2026-06-08 21:00:00,0.0,19.7700637367587,4.123359699695944,49.97716427647808,49.99720649773682,0.0
2026-06-08 22:00:00,0.0,15.46106186381941,4.857633000661146,48.06605350400735,61.55136596731946,0.0
2026-06-08 23:00:00,0.0,14.400700871799895,5.386211214526288,48.608206530103175,73.29183836048473,0.0
2026-06-09 00:00:00,0.0,13.270750525461098,4.35288311055445,38.0559215929304,73.12404424110417,0.0
2026-06-09 01:00:00,0.0,11.639613356327226,3.2659443218333553,26.320308323906893,83.99405568149166,0.0
2026-06-09 02:00:00,0.0,10.760911046660947,2.344819558702561,27.281899909336452,74.81183448765721,0.0
2026-06-09 03:00:00,0.0,12.00890211891491,4.172287766092749,37.27236676037617,74.43469195215121,0.0
2026-06-09 04:00:00,0.0,13.361638540255246,1.8557219760287862,81.25770238974192,68.85420755418941,0.0
2026-06-09 05:00:00,0.0,15.58795711231772,1.8427009669892147,38.409853067518725,66.22111488696228,0.0
2026-06-09 06:00:00,202.59718929852295,16.973064831384463,4.873119608315336,4.695822090251331,50.51643515200726,2.443426097801012
2026-06-09 07:00:00,344.77655329257743,18.64349433829447,5.807869682172391,42.20447728306273,50.441291404381076,2.153270570500064
2026-06-09 08:00:00,575.4523160867915,22.220070529649984,0.7258648710836768,6.013776535496423,38.03694513924678,5.642132369670346
2026-06-09 09:00:00,726.0797152759562,26.915591990992784,1.980538590580125,5.502236332332576,23.704770347407326,6.508889888667009
2026-06-09 10:00:00,854.1940308391883,26.774596493519145,5.238308522010396,31.100059621803062,31.572752406450114,5.426918648856485
2026-06-09 11:00:00,919.5872030450373,31.038291337547918,8.114990939423397,36.30960954429233,19.503224119437952,4.573863995497052
2026-06-09 12:00:00,844.8932252817164,31.802296626922224,4.041587415350816,43.32725762987042,10.0,4.300615121454434
2026-06-09 13:00:00,839.9221193670363,33.634227149871045,2.543994117541731,13.192498223185392,10.0,6.288514276588344
2026-06-09 14:00:00,831.4733918005236,35.91767779391095,3.6342071177903197,8.858422253771202,10.0,5.423225102016227
2026-06-09 15:00:00,724.1997722577153,33.87775851749868,6.74975283829637,48.23548169737792,12.401040488124293,2.576402744407244
2026-06-09 16:00:00,581.7427291251022,32.461959667647484,2.708071641750929,29.05868997140717,13.321378424037789,3.3665280472762866
2026-06-09 17:00:00,544.6046248319913,28.445497162768692,2.401615986699493,17.202543596502316,22.715988759874264,3.8612977928403933
2026-06-09 18:00:00,223.10446098840976,29.11938034904083,3.034512955635935,47.1865260005306,42.98088031882871,1.0872762458054317
2026-06-09 19:00:00,45.42262560722407,26.074054812941867,2.0933427834825755,43.04296088401619,45.20145375017302,0.6057617743038953
2026-06-09 20:00:00,0.0,25.244882084958192,4.245340631989591,34.027013175756395,52.82148675856231,0.0
2026-06-09 21:00:00,0.0,18.432504106340254,7.249356916939121,46.6071993164895,58.48346329804727,0.0
2026-06-09 22:00:00,0.0,16.328725491495906,4.6461585462320585,32.18719939645615,67.05784672338423,0.0
2026-06-09 23:00:00,0.0,13.888794151327563,3.495292995747425,31.926103198534726,70.54071992917231,0.0
2026-06-10 00:00:00,0.0,13.973875074231948,3.416377462168912,35.04833251254362,68.67538365751966,0.0
2026-06-10 01:00:00,0.0,10.265946785950751,0.8736183826066859,51.586445887079,85.24460848570696,0.0
2026-06-10 02:00:00,0.0,10.41853228865551,5.766219554294318,53.49595175340333,72.2185503745239,0.0
2026-06-10 03:00:00,0.0,11.320734849105989,3.844325605974396,27.689874866768193,78.85881442934448,0.0
2026-06-10 04:00:00,0.0,11.887608839321274,3.6390401728187487,52.506224296654175,74.44917404390496,0.0
2026-06-10 05:00:00,0.0,12.845068203935638,10.38621513568972,28.967986035457024,76.38398600230809,0.0
2026-06-10 06:00:00,227.7192481756635,16.291134989347462,4.597505816731372,38.63521628270161,58.87826941494338,1.0331368348229133
2026-06-10 07:00:00,325.9867303582163,20.504619083559408,2.4964178998096314,48.43448902598937,53.547125231729396,1.383991378850219
2026-06-10 08:00:00,542.2635470412828,20.46022705088341,3.1472848075889135,27.480088910398067,38.11312649573394,4.06526645664941
2026-06-10 09:00:00,747.2063580999214,25.305283052450562,6.29689141839351,19.81494514488964,32.761009110477794,5.482853410903762
2026-06-10 10:00:00,813.4431818759957,26.94981877759124,4.226540821075529,32.31515302343639,21.55305351516554,4.856962959645717
2026-06-10 11:00:00,834.325329846469,32.27785131762583,1.1234440433652666,8.13407228082389,10.0,6.893724407902728
2026-06-10 12:00:00,871.3878516296013,30.1075244882376,5.838457869150407,40.19090011700423,17.044392754150877,4.781753822914081
2026-06-10 13:00:00,904.6190309210283,32.75272714456144,2.663711828922012,50.67647836989389,10.0,3.585146831396571
2026-06-10 14:00:00,781.6573158434917,34.565817812596784,7.746595552435091,36.03499822774544,10.0,4.140585377908558
2026-06-10 15:00:00,712.306677804506,35.93939595932033,6.160096131429297,36.45974547719354,10.0,3.327679971987423
2026-06-10 16:00:00,562.9636952690129,32.29367945380378,3.1053562086824975,47.705570534700485,23.556708810710546,2.4729392020343366
2026-06-10 17:00:00,364.4313513015697,29.652482084198773,6.562032723470226,32.061019630162185,36.17277399435602,2.3020174212630864
2026-06-10 18:00:00,286.0266041336961,30.821735604160885,4.1357110210548065,6.914103108767438,27.883971254668516,2.1517152065723364
2026-06-10 19:00:00,25.35676089272056,22.933807690605885,5.705547350244439,26.49039191445624,54.0982720686353,0.0
2026-06-10 20:00:00,0.0,18.701791065069877,4.96946563458895,51.17813887990167,62.8490995838248,0.0
2026-06-10 21:00:00,0.0,19.554193133849754,2.3072866900182527,40.43093751922876,68.34062689015725,0.0
2026-06-10 22:00:00,0.0,15.246918663471082,2.712900335365076,44.976342225993434,65.45371976119127,0.0
2026-06-10 23:00:00,0.0,11.982869400065361,6.059921635162322,50.4135895109132,73.71096393884658,0.0
2026-06-11 00:00:00,0.0,12.670229825535767,3.330449335786918,30.32156465392496,70.48593880167942,0.0
2026-06-11 01:00:00,0.0,10.774591155187977,3.1927030735160065,26.306721357021434,71.2050650740596,0.0
2026-06-11 02:00:00,0.0,9.153882053894908,2.089754841301294,50.86930175245965,82.9311717974706,0.0
2026-06-11 03:00:00,0.0,8.488433486524839,4.847198131186922,48.340140593131345,91.02962468583826,0.0
2026-06-11 04:00:00,0.0,12.916381147006954,8.12504983848629,69.84763182038076,73.1748154134108,0.0
2026-06-11 05:00:00,0.0,14.490020392699423,1.8649341714914542,38.09983487568819,66.61047610688549,0.0
2026-06-11 06:00:00,181.2710281142447,15.851236204330926,4.0484389133455165,22.98626651480566,63.79369525907116,1.7326117672599257
2026-06-11 07:00:00,364.36219590285384,21.66412695284125,6.8244411108308585,17.356936091497737,48.68647111109516,3.005668992598292
2026-06-11 08:00:00,631.758991284104,20.394872850510772,3.8407172175085695,59.55474739892773,39.475668873272475,2.4713592965482123
2026-06-11 09:00:00,719.8476026596651,22.81754078484314,4.904743592499468,39.45052742003109,39.78716701029465,4.454885424649246
2026-06-11 10:00:00,760.4366229387754,26.962137895178135,1.8752129437062406,27.634518048794554,19.20081605004286,5.573921210948041
2026-06-11 11:00:00,914.1495988458323,30.41690234970532,4.856614194415297,45.49964517345869,10.306859152652576,4.4355087486648825
2026-06-11 12:00:00,984.8862478805054,32.7573140193973,3.6257114699909025,28.61871207754158,10.0,6.157672832224988
2026-06-11 13:00:00,918.7337313856871,33.22925582868432,5.971459991359726,12.90002340140669,10.0,6.323463564875553
2026-06-11 14:00:00,750.0971824740167,34.528083094771446,6.374772103129502,35.797182895167424,10.0,3.7947509725773556
2026-06-11 15:00:00,684.2789713065769,31.713800779183153,9.179127284037229,17.454695304655402,10.0,4.731299580867752
2026-06-11 16:00:00,611.8172676403252,34.557951751523156,5.1592663464271515,35.92172094732644,24.21963548877558,3.124725402809882
2026-06-11 17:00:00,362.18858658105114,30.362054606649718,4.6515926331643325,31.891586116341493,27.23038361403853,2.262203573507194
2026-06-11 18:00:00,218.02161768653218,29.675943747382192,4.388768603154672,36.98147361318741,34.65880156756293,0.9276513664004469
2026-06-11 19:00:00,30.98536213717358,25.61991656079681,3.293667414378623,31.98201477692087,50.914411480156076,0.39417402588700956
2026-06-11 20:00:00,0.0,22.685129828730677,4.6769676869233825,43.09671248976974,51.447213529291,0.0
2026-06-11 21:00:00,0.0,19.74882237911806,3.409197179721941,39.32352230808279,60.78698734611776,0.0
2026-06-11 22:00:00,0.0,16.67156284002597,4.336921952539228,38.16145532353697,63.270923131681585,0.0
2026-06-11 23:00:00,0.0,14.478802765562746,6.63519507121592,33.38990209824364,73.12014817624566,0.0
2026-06-12 00:00:00,0.0,13.601423949785383,1.9869148694407177,37.1976745803139,71.41703885765138,0.0
2026-06-12 01:00:00,0.0,10.703671839083386,6.279757122258091,32.61611424059742,79.93624895835657,0.0
2026-06-12 02:00:00,0.0,11.063505636382768,6.634230134679731,66.31007894404907,72.64030199480645,0.0
2026-06-12 03:00:00,0.0,10.27428654310034,3.7638629460178423,60.671867473307174,75.3068447437683,0.0
2026-06-12 04:00:00,0.0,13.767870977760946,0.24370979801718917,49.003718335150104,65.63855466019409,0.0
2026-06-12 05:00:00,0.0,12.500130172672526,2.7843560258111353,48.41164770298659,71.44708925802391,0.0
2026-06-12 06:00:00,257.91977212332756,18.701410649366224,6.593989093122218,21.810105618598996,41.99196431907703,1.8101875418140456
2026-06-12 07:00:00,333.06087915862474,18.833934532803237,3.9542638754022357,31.248734281748824,50.804803531195645,2.887765652485175
2026-06-12 08:00:00,607.6673717590586,19.853837346822928,2.0013955354101785,23.676114401917474,39.39110279376776,4.660228962311086
2026-06-12 09:00:00,704.0576566620103,25.297985163596433,2.990450157543565,11.883400816382386,29.03685479107217,6.238917160337273
2026-06-12 10:00:00,771.6116350702591,26.978422513787677,5.681240053009106,45.4502874707184,23.11784454248832,3.8800547109802532
2026-06-12 11:00:00,895.919259934172,31.746246697721652,5.093467136402759,34.37393711377039,15.915327648936886,5.161643424273903
2026-06-12 12:00:00,907.9623878229388,31.41336887645968,3.5221358016606112,32.76699588518008,22.905941536263036,5.170276659593513
2026-06-12 13:00:00,853.4264458772894,32.92183476564665,3.266351176370625,51.39958493022699,14.241232158141191,2.8385285820500448
2026-06-12 14:00:00,813.664064511778,31.165688903581703,3.216483701912356,19.86815022954052,10.993162310607815,4.599466062841712
2026-06-12 15:00:00,688.2357903467565,32.91265043659521,2.155179631002995,15.305602039055785,11.060671667857441,4.828580325377911
2026-06-12 16:00:00,565.6815154829102,28.75648585546983,7.2307513789388835,41.736774940815216,29.85989803635161,2.862034542482584
2026-06-12 17:00:00,416.98059218664423,28.109427139009988,3.35535906157732,59.977539996083685,22.855004483516538,1.6281653232564373
2026-06-12 18:00:00,263.70951320649715,29.140621984216445,6.434317041650993,57.335514524275325,32.2314560045548,0.9205976299828136
2026-06-12 19:00:00,0.0,26.2845287792065,7.042632103844903,72.3389963054369,46.24017776636771,0.0
2026-06-12 20:00:00,0.0,22.638186342677447,5.996621796295921,50.717280145350784,57.64428473873917,0.0
2026-06-12 21:00:00,0.0,17.443707244075934,3.136759374563903,67.07123323269695,68.18191724255203,0.0
2026-06-12 22:00:00,0.0,15.928432965787028,4.807460180673219,21.523264900463346,64.4203313664608,0.0
2026-06-12 23:00:00,0.0,13.509314817125578,3.9516087872181678,74.46628946932105,70.90950705722292,0.0
2026-06-13 00:00:00,0.0,9.870148120797921,2.1925962785397437,36.00795134286125,82.48522503256768,0.0
2026-06-13 01:00:00,0.0,12.663987537181907,4.6487185634432056,29.772236198264096,70.67742164604236,0.0
2026-06-13 02:00:00,0.0,11.316043435863508,1.641920417680395,45.17186874509885,83.3985053021444,0.0
2026-06-13 03:00:00,0.0,10.077443823786684,6.375358776923127,38.55139145243788,82.89098851962784,0.0
2026-06-13 04:00:00,0.0,11.648023913078532,3.070765405403214,41.69946134758415,77.56149991481715,0.0
2026-06-13 05:00:00,0.0,13.827292837682759,4.4023193117456785,31.52671142982664,74.30011731603908,0.0
2026-06-13 06:00:00,214.54945999928484,12.937397697363565,4.566575743092284,32.312742209760636,65.35426772059033,1.384334135853882
2026-06-13 07:00:00,362.77898139537615,18.523405384988855,3.482190052591845,8.705317648335422,48.93836267722291,3.5676955248063584
2026-06-13 08:00:00,597.1248166901902,20.977023628003302,5.17338760295055,16.873581524092774,38.008597162594086,4.883733095038573
2026-06-13 09:00:00,715.9403150562912,23.603398526387874,3.050192686754951,14.00295445620006,33.814826956834764,6.154488639084319
2026-06-13 10:00:00,843.3864658657355,27.578349560671068,5.742594594914488,13.681262301305056,20.546781806229067,6.2686225694556335
2026-06-13 11:00:00,902.6202746405858,33.18181116451285,1.308040639506503,34.58321730348328,10.0,5.050979051286776
2026-06-13 12:00:00,866.8401995631172,33.35356913731378,4.2527591590928235,15.198687422119736,11.035564455017209,6.562413448596051
2026-06-13 13:00:00,855.0278793557625,32.73434143079462,7.8778579981165695,11.447307660255026,10.0,5.962689740797478
2026-06-13 14:00:00,840.7637253171076,34.85887417203424,1.9993373507888506,13.445221880283645,10.0,6.059801884739599
2026-06-13 15:00:00,728.0631448385656,35.69014307034782,2.644510058950297,8.032622458354783,10.0,5.024985578030033
2026-06-13 16:00:00,560.3047579142943,33.77925536978242,5.02781569931783,11.759519872307559,10.567198964892144,4.416819018970056
2026-06-13 17:00:00,395.18846053815366,30.57472692911883,4.359163563879196,25.585570330481783,18.55877357593922,3.1845991358509966
2026-06-13 18:00:00,251.37543639222005,27.02959483344164,4.701260198547119,6.661968537263788,38.3740243635238,2.096609499316775
2026-06-13 19:00:00,0.0,26.153163511650636,4.978374260295327,56.069055375811864,44.40660400814431,0.0
2026-06-13 20:00:00,0.0,22.590228078132625,5.269442937123539,39.090880737269245,53.548772080385504,0.0
2026-06-13 21:00:00,0.0,20.236961288811354,6.219399683912446,38.820932377655424,54.69241283165504,0.0
2026-06-13 22:00:00,0.0,16.952757702522952,4.819637313857025,66.5626632648417,72.13914529346695,0.0
2026-06-13 23:00:00,0.0,15.089047698740433,3.517484690762915,32.529389329316004,66.51444088287845,0.0
2026-06-14 00:00:00,0.0,10.804842337245883,5.345147402405463,30.81151222556021,76.23031843465418,0.0
2026-06-14 01:00:00,0.0,12.384981182982669,7.799763869790431,48.32265027422385,77.11945397195083,0.0
2026-06-14 02:00:00,0.0,10.2963994070386,3.734732507234853,39.25927536573807,72.52412969430938,0.0
2026-06-14 03:00:00,0.0,13.521781393469078,2.050941390658717,45.41369540455159,65.70368834681832,0.0
2026-06-14 04:00:00,0.0,10.573913427452384,6.214161338573946,51.231288734705636,80.7569373235623,0.0
2026-06-14 05:00:00,0.0,16.118664330509304,3.7592376720928034,32.30221969149525,65.53793318667054,0.0
2026-06-14 06:00:00,213.23549466022064,16.296866175193973,0.34533909202807234,6.093332227292547,56.501727275334666,2.1384293297784063
2026-06-14 07:00:00,385.28964303109495,17.91704445334808,5.694843354300843,34.2519693450694,55.62408766710759,3.240785578720366
2026-06-14 08:00:00,565.0206602725689,21.274171248918517,2.9293436280921545,3.7376290507865817,36.44142939844593,5.400777595141067
2026-06-14 09:00:00,727.4546152387034,24.62530757893877,3.8189334353916786,25.311264183529484,27.553184887216737,5.201884414266289
2026-06-14 10:00:00,778.1431537828383,28.636248919602874,4.663960661138029,27.196065044228035,14.902555207446538,5.2983746169398955
2026-06-14 11:00:00,961.1306119910596,31.269534606291817,4.380999359558133,7.847092731686871,10.1441983589337,7.526305095013673
2026-06-14 12:00:00,859.7593047400119,31.531754839505396,5.418903634278079,52.617844195915254,17.80409214237272,3.0164946836469397
2026-06-14 13:00:00,828.867576452132,33.55457802707735,3.1290272588603134,23.476837125402803,10.0,5.1675134414343695
2026-06-14 14:00:00,857.1964160521799,37.213405537917794,5.026211596352166,11.647445277413553,10.0,5.481311488129756
2026-06-14 15:00:00,735.3148419797444,36.18242467061989,3.4809066448321655,20.612684683719102,10.0,4.68608065590456
2026-06-14 16:00:00,586.1056143549465,33.046790349924315,5.477620961775006,37.026190023241526,14.21586213297411,3.0540560770956926
2026-06-14 17:00:00,415.6291855763736,30.54228659149087,5.230734968026107,7.116498577232844,20.791339378247624,3.349312433489498
2026-06-14 18:00:00,199.77896964680647,28.180046990077393,2.1291225959108093,13.950425333974758,39.751354566078035,1.2374484668416095
2026-06-14 19:00:00,0.0,26.026105500325876,6.1719642323500645,54.6379090609611,52.95605651623375,0.0
2026-06-14 20:00:00,0.0,20.46581115220239,2.928073109771904,66.1982655413972,63.52098858382256,0.0
2026-06-14 21:00:00,0.0,18.508106652634737,5.61611559656229,32.432716085739926,64.81333338430467,0.0
2026-06-14 22:00:00,0.0,13.497123889183614,4.734574626802681,69.83689330256747,73.49532090967598,0.0
2026-06-14 23:00:00,0.0,14.11355330966935,7.676367353590245,27.72865943020443,67.2778306037398,0.0
2026-06-15 00:00:00,0.0,12.578489064140847,3.5530680352562958,37.68991183300267,79.16924662343801,0.0
2026-06-15 01:00:00,0.0,9.684110391082118,3.301366407763605,56.54217353738123,84.68156328459831,0.0
2026-06-15 02:00:00,0.0,12.360980144935048,3.961160788224535,50.07893425470478,69.58774811685356,0.0
2026-06-15 03:00:00,0.0,8.570241590027667,3.393640434331449,75.06163086587611,84.68191545917713,0.0
2026-06-15 04:00:00,0.0,9.411132834272006,5.5998838038841,42.59181207142032,84.44185370905491,0.0
2026-06-15 05:00:00,0.0,13.85139635360139,0.7673787831268242,51.42939315773336,76.70777615317476,0.0
2026-06-15 06:00:00,210.06750340503186,17.57064745391823,1.8926351617072918,53.47194434371597,58.18173189437649,0.6939915833464957
2026-06-15 07:00:00,370.21763819095713,21.420062995956556,1.8643941568416138,6.4392221386454285,41.765506991627454,3.732108003412159
2026-06-15 08:00:00,542.2992894481273,21.31167360569659,5.900615183947151,9.80913959945501,38.597093205842775,5.139546423761964
2026-06-15 09:00:00,712.9303317155322,26.72384979137719,7.4212267451638505,11.149805504616102,20.12814117349984,6.330990302331251
2026-06-15 10:00:00,752.9486074522843,27.94223729574894,3.791101562925057,39.21634177973655,21.271763859358686,4.4847327242917085
2026-06-15 11:00:00,821.136569988579,30.22634042432734,3.6623565536199787,19.641343808070506,13.678795068844497,5.819271218058016
2026-06-15 12:00:00,871.2622311499026,33.717794751643275,4.140104326226362,38.848019162972754,17.15172566605991,4.137739882013234
2026-06-15 13:00:00,868.8972348951673,34.56959423308895,6.323756605216381,40.41216429949596,10.0,4.140017786058364
2026-06-15 14:00:00,823.3082837360973,31.635411764523624,2.145293731618852,15.908181314887706,16.877668293315317,5.786204193233557
2026-06-15 15:00:00,762.662582899209,35.80592044005766,4.47673796546957,15.822466458457205,10.0,5.200414766491696
2026-06-15 16:00:00,595.4472066009411,34.46244187663444,5.95039525956486,18.065407564733178,11.375111815360293,4.100519161200421
2026-06-15 17:00:00,384.09782400726533,29.546937321974276,5.002188339879691,40.75481130987422,28.006240841743118,1.9094006154005292
2026-06-15 18:00:00,199.5081922445755,28.593705300156113,4.379163233197486,28.181509246962406,35.9079971332674,0.8442405454570856
2026-06-15 19:00:00,0.0,25.84687382065436,6.002092185134282,24.83681533014185,49.247418722196954,0.0
2026-06-15 20:00:00,0.0,22.39101064873586,1.4064645859984743,36.60369735709202,57.16382775364552,0.0
2026-06-15 21:00:00,0.0,18.068713728001626,5.3557506390618155,84.56735783548176,63.86611568239936,0.0
2026-06-15 22:00:00,0.0,14.992564948092921,2.6918486337451526,44.4808111070493,68.5618777170985,0.0
2026-06-15 23:00:00,0.0,13.476387519274262,0.33873420628708617,86.82904359338477,70.07664680901155,0.0
2026-06-16 00:00:00,0.0,13.366788683475782,5.022405199049961,37.01911041829209,66.30317884413216,0.0
2026-06-16 01:00:00,0.0,11.224290316422827,6.747317090325915,31.291689331531387,83.9683151923876,0.0
2026-06-16 02:00:00,0.0,9.444078501870841,3.7251029707446164,58.72478510001292,92.13949083758538,0.0
2026-06-16 03:00:00,0.0,11.566438150503696,5.905749094405878,38.64923278542305,82.86380760363386,0.0
2026-06-16 04:00:00,0.0,7.334881223641623,7.224556515977291,37.60995455594296,79.03490942306303,0.0
2026-06-16 05:00:00,0.0,15.237867176319586,6.629828907168095,54.960657567485896,73.4593484955653,0.0
2026-06-16 06:00:00,209.23253983309962,13.39042933183285,7.279929058742786,41.05302109690939,72.0610466494454,1.0752245658263218
2026-06-16 07:00:00,390.9990612370741,18.350510046665054,5.484254982143785,38.300726367915445,49.55181957645088,2.9263438073210657
2026-06-16 08:00:00,565.0478656148134,20.320495158060783,4.150867277803186,44.46406104772331,44.852209913629174,3.5805129068227757
2026-06-16 09:00:00,672.7279428670082,23.163806327648892,0.7960683762056631,22.750074831500708,31.20903389607887,4.656189599573165
2026-06-16 10:00:00,811.852388082535,29.74124018106778,3.5078750237401026,30.81893837813885,23.806592969457093,4.823847543737689
2026-06-16 11:00:00,897.3550526134592,29.78372957227073,2.3135068093676168,55.31174535560377,15.338743888131336,3.4724592526587403
2026-06-16 12:00:00,958.0457443118016,32.91206066800934,8.341885434995628,51.98031950106521,10.0,3.2754274920031334
2026-06-16 13:00:00,915.8059540070495,33.52072904715004,3.648228375135327,35.23577121877356,10.0,4.701841588105223
2026-06-16 14:00:00,896.9992794126395,34.71556124083468,4.2464096135689715,32.049117521478195,10.0,5.047409311760595
2026-06-16 15:00:00,672.954431705705,33.7063427520592,5.102970752080935,48.34462750597176,13.389339800389827,2.675082138614978
2026-06-16 16:00:00,596.0336471416874,30.467816509130408,4.087204892744907,68.66332753811957,23.580566026204902,1.6818728841242603
2026-06-16 17:00:00,397.82904543533647,31.979681603409283,7.3901020808615066,22.293913921807956,23.756998283977353,2.654147449766771
2026-06-16 18:00:00,287.86095788938997,27.259365125258032,2.754701276531096,41.56273645796219,31.174038747071073,1.542838530025214
2026-06-16 19:00:00,0.0,22.770955693240627,4.389214910474485,55.35636099832572,53.69941982141621,0.0
2026-06-16 20:00:00,0.0,21.357827258551133,2.5150588286039035,36.56063988400216,59.899543647715525,0.0
2026-06-16 21:00:00,0.0,21.14531114472122,1.3599549775585884,21.721732708644065,57.069243370641374,0.0
2026-06-16 22:00:00,0.0,17.27533261317024,2.7764618181894294,47.997150269546054,69.45316190735748,0.0
2026-06-16 23:00:00,0.0,12.991740424149642,3.925926405903176,32.97008878729983,72.0556113457128,0.0
2026-06-17 00:00:00,0.0,11.083808598109092,3.14139555096548,33.94218289588367,76.19942866652768,0.0
2026-06-17 01:00:00,0.0,9.926437507705106,2.615158040252288,60.972778097489254,84.30272497455931,0.0
2026-06-17 02:00:00,0.0,13.11512197534126,1.1873650726563323,80.37095956706469,74.8790186333327,0.0
2026-06-17 03:00:00,0.0,10.98179326287851,3.8337888547426107,45.30145294176776,75.97780556846502,0.0
2026-06-17 04:00:00,0.0,12.25275762537334,0.9905592519379955,56.81477828885707,80.66351162929644,0.0
2026-06-17 05:00:00,0.0,15.060143806809194,5.520111927379205,60.467983107470076,66.43603379662898,0.0
2026-06-17 06:00:00,164.33225370674865,16.358183738539772,4.164879505869006,51.22382825766928,58.71892011663125,0.1776833281164366
2026-06-17 07:00:00,410.17213206606255,18.505608240038697,1.0848970010701389,51.654926574501324,36.53637550262036,2.4894435029729243
2026-06-17 08:00:00,508.3314933920345,21.70547522637253,3.381581845900273,14.45365592647846,38.56926200260667,5.053532074807728
2026-06-17 09:00:00,776.906684855401,24.998426652109153,2.4956871888188337,53.2767038323404,33.23952954473108,3.870080652174562
2026-06-17 10:00:00,858.0495859410287,27.94416664523524,4.638349020838361,37.806400893475214,10.0,3.7785922780450063
2026-06-17 11:00:00,858.6680948794531,31.576725689694037,6.680900892046289,7.754374790946529,10.0,6.80165332710573
2026-06-17 12:00:00,831.4746188363649,32.47022367412421,0.24965506070851085,30.93765742213388,12.310656866111476,4.6004997710071835
2026-06-17 13:00:00,931.5900159302578,34.69007003129219,4.230052158294835,29.087773300017915,10.0,4.864348200078652
2026-06-17 14:00:00,806.2903873020725,33.87892512983713,3.679734408866719,48.08942660324013,10.0,3.385970014400541
2026-06-17 15:00:00,753.1609867001654,33.70906270094296,5.342680152900932,41.93230050202983,15.691361075162856,3.4682181182538327
2026-06-17 16:00:00,497.3637153210856,29.395003818615102,4.426393256475379,61.644556221394055,36.50420991238217,1.8330363579020392
2026-06-17 17:00:00,366.5203642876515,31.859772886292294,2.496061336522362,66.35654760200968,26.736076127121027,1.0484927821567853
2026-06-17 18:00:00,200.47858854941038,28.519732713846988,3.3618921286667636,76.90219224553991,32.31384182461813,0.07895813959894499
2026-06-17 19:00:00,1.8792237505897924,26.60284370601973,2.407948286393022,52.1644160020166,41.93729218220143,0.0
2026-06-17 20:00:00,0.0,17.655616932709467,6.152014277197196,41.162796390874455,65.4133059812356,0.0
2026-06-17 21:00:00,0.0,22.026733515940847,4.0426232973438845,29.983913087202893,57.3513495739438,0.0
2026-06-17 22:00:00,0.0,15.790615557767238,7.802381371506015,90.98734214882839,77.70841268475677,0.0
2026-06-17 23:00:00,0.0,15.176992850867705,3.8786783723707585,48.4230272059242,74.5000385609506,0.0
2026-06-18 00:00:00,0.0,10.04783626389844,2.5831864661790744,50.81428517573438,80.32485991164558,0.0
2026-06-18 01:00:00,0.0,11.328050942125035,0.9725712147743457,34.36394927820651,75.66786184945285,0.0
2026-06-18 02:00:00,0.0,8.419876655239516,0.39372064748810987,90.24337259322324,98.23380523603201,0.0
2026-06-18 03:00:00,0.0,9.473236643487471,0.8317281139890205,58.59281632722622,84.18650071300453,0.0
2026-06-18 04:00:00,0.0,14.478742185386915,4.534253302022967,74.86972669591788,67.69875706133845,0.0
2026-06-18 05:00:00,0.0,13.22869502461641,5.017450046459867,44.61560044616134,72.41949533280979,0.0
2026-06-18 06:00:00,213.5614010398666,16.326149309769583,0.8376185959357332,58.627999379008585,56.553585649249335,1.586956689103764
2026-06-18 07:00:00,360.55590374354017,20.199273054802884,5.790076628152231,14.89716264181436,36.76202914883608,3.296468300204031
2026-06-18 08:00:00,623.1869006937611,22.743522831958906,3.033877896633121,7.386243675177124,37.380602271305975,5.817124784828179
2026-06-18 09:00:00,708.2753195929412,25.331456898945614,4.293586023971098,34.460557134809314,37.00109769710711,4.265579977932482
2026-06-18 10:00:00,858.0438684747303,28.54744150369934,7.224441256510849,17.592433751589798,10.0,6.223616645131906
2026-06-18 11:00:00,880.1358602200456,34.09040475209598,5.793678631731064,31.647010256253903,10.0,4.979724201609841
2026-06-18 12:00:00,982.4299169952794,32.30587664986289,3.4629387041883355,40.344386831393145,10.0,4.761131512941944
2026-06-18 13:00:00,947.6487546613694,33.89275848554127,2.217615549169425,18.942972202957737,10.0,6.095867554013917
2026-06-18 14:00:00,800.9134151730143,35.57598159401142,0.30363080265860987,17.949627371970863,10.0,5.0500534739325875
2026-06-18 15:00:00,742.5111722594012,35.249398814905796,2.56169336151516,30.684425210246435,10.0,3.8141187646527825
2026-06-18 16:00:00,586.9558596562662,34.17285030375383,3.5777395223446113,32.954133936527086,10.0,3.1056288364303755
2026-06-18 17:00:00,445.24062750709635,31.443376707282347,2.0256409456976323,28.004307754771578,19.60452510030138,2.099716136607256
2026-06-18 18:00:00,161.67190213747887,26.285492630904276,3.7374860658153906,41.560866545120554,49.30044871400312,1.049793965044014
2026-06-18 19:00:00,27.442058399937682,27.555975839681896,4.153703765917537,43.877264490134685,50.53108295328883,0.8462976639986103
2026-06-18 20:00:00,0.0,20.28048191047197,3.5502880363838427,57.72197593297334,57.882296743492574,0.0
2026-06-18 21:00:00,0.0,19.348124656628304,2.6999948383530805,39.07131420531398,67.44276785400012,0.0
2026-06-18 22:00:00,0.0,14.868586224970961,4.337309343933455,75.02640258308823,69.39690835307721,0.0
2026-06-18 23:00:00,0.0,13.418511105871941,4.883881299138818,32.789989043989024,71.52966399600518,0.0
2026-06-19 00:00:00,0.0,12.100838770041957,1.819201845114308,45.982324087824196,76.08391166267195,0.0
2026-06-19 01:00:00,0.0,10.89092590770659,6.82186475949254,36.08307941584816,79.64227457770501,0.0
2026-06-19 02:00:00,0.0,10.632881131352928,3.8028237354314767,35.545520897987686,75.95701377296913,0.0
2026-06-19 03:00:00,0.0,12.829456988119151,4.037699245889695,26.974461356439853,74.45041473467282,0.0
2026-06-19 04:00:00,0.0,12.287996606857705,5.4164288465131145,32.04810586836212,79.36061931451721,0.0
2026-06-19 05:00:00,0.0,13.148483672825458,4.466432262527003,41.6725591355385,74.35073085037932,0.0
2026-06-19 06:00:00,132.13354298647675,17.446130752432538,5.90627326782649,43.74840501579399,61.35764671616222,0.8577079633702208
2026-06-19 07:00:00,388.27345724993756,20.678377192156713,4.574248330403648,28.338229887700567,49.46594296959242,2.996110993089394
2026-06-19 08:00:00,576.5034396304325,20.158588277294513,2.775125250719124,12.681917285184163,45.72125056079105,5.3671865254233655
2026-06-19 09:00:00,702.3405442974631,26.001928646005037,4.723007050412203,34.99711769878075,26.612847286001422,4.235157658030082
2026-06-19 10:00:00,728.1742971105821,29.051759113466346,1.7125475853586765,15.47882072144545,17.6803475743591,5.5748477646925885
2026-06-19 11:00:00,873.8703193831296,30.03893611919858,4.217119411553046,28.502631978548333,14.652034697480124,5.345822094941123
2026-06-19 12:00:00,847.8212199798058,34.45586506538069,3.9335400187110783,25.17774457736023,10.0,5.2027393653346286
2026-06-19 13:00:00,904.2220229168428,33.36602653492003,3.583766285454921,26.287358353953994,10.0,5.206704902757202
2026-06-19 14:00:00,825.5359109560511,34.188364680207314,3.7429249771221387,25.744682374605382,10.0,4.8929075686838495
2026-06-19 15:00:00,666.0531427681327,33.331502179043014,0.2363019090047218,50.39067880174607,10.0,2.1894253236993233
2026-06-19 16:00:00,540.5861449793925,32.41567341678547,2.902550184518077,29.18703371403939,10.0,3.0529793231049394
2026-06-19 17:00:00,348.12682433024435,28.84086874389577,4.185689802282229,15.545600463760504,37.11121649456639,2.789462845286608
2026-06-19 18:00:00,197.76167666975618,25.83992367610856,4.319712783994801,18.7327867264899,42.45721142753682,1.2084494530307568
2026-06-19 19:00:00,38.20569282004964,27.49758613606771,1.9446497181480837,35.53409916048372,37.54841182718142,0.12934180160774705
2026-06-19 20:00:00,0.0,20.729557977522507,6.531415681729401,71.94678075844885,60.996214262181766,0.0
2026-06-19 21:00:00,0.0,17.407082934585294,2.2676503035709983,26.500973537382354,70.12910652766202,0.0
2026-06-19 22:00:00,0.0,12.769914829594427,5.938914401053474,36.166232396655374,77.00259812154802,0.0
2026-06-19 23:00:00,0.0,12.556276004227177,4.854388723743369,46.08638197234849,73.9438973490827,0.0
2026-06-20 00:00:00,0.0,9.623060464475488,2.7075453803123937,30.055269829732318,81.91631216314586,0.0
2026-06-20 01:00:00,0.0,12.871912824735734,7.550621785219024,47.30738353974138,78.7636570162422,0.0
2026-06-20 02:00:00,0.0,11.514725634013951,1.61272633648704,51.44286878500435,74.62431954365883,0.0
2026-06-20 03:00:00,0.0,9.376664566764594,5.8383083472200035,58.27962005638406,81.39600548275993,0.0
2026-06-20 04:00:00,0.0,14.986348862603199,6.0011646360859565,59.53888777169511,68.74133705176145,0.0
2026-06-20 05:00:00,0.0,14.987366856248823,2.6587595818467102,48.99807200686186,61.95818702423992,0.0
2026-06-20 06:00:00,172.27982024097952,15.512752924737066,6.784930600128657,61.40536571392487,68.38894044651799,0.6516742597096413
2026-06-20 07:00:00,399.0545616351712,15.145062886459392,3.4999069708020945,13.883213905665711,68.02459670299612,4.296660397201172
2026-06-20 08:00:00,556.6476996852269,25.436413858886112,4.577387258559714,50.579222034842964,28.05876818546502,3.204338588005876
2026-06-20 09:00:00,694.8095502398979,23.021469841084855,4.5206436775424415,36.78015253189207,37.926174985064854,3.999584799854826
2026-06-20 10:00:00,835.4386491139142,25.531901879564664,3.7313825170589046,10.417146514461043,19.663067868645243,7.26983241618161
2026-06-20 11:00:00,907.7354293655334,32.01913702225303,5.621616546319564,16.75488736354689,10.0,7.226446412202538
2026-06-20 12:00:00,878.7799540955789,36.05193345492217,5.586977441104426,45.859987366748385,10.0,3.70499356481325
2026-06-20 13:00:00,854.402391337854,35.6675191432346,0.5029360535236385,43.84693037896168,10.0,3.7192171146055024
2026-06-20 14:00:00,799.8699132261114,34.84586368007854,6.608680485756305,18.230727500773508,10.0,5.102998982135704
2026-06-20 15:00:00,611.5714876318035,34.483241427966746,0.6750160239286513,18.999152261423983,10.0,4.057081910766076
2026-06-20 16:00:00,500.5331791849182,33.672428183583726,6.065092408683315,18.62946777074421,14.318126537553844,3.5006309196715977
2026-06-20 17:00:00,445.17033590358335,31.62367425891872,6.253410273655167,38.91487347998465,13.866179795051533,1.9129103749800689
2026-06-20 18:00:00,266.0675491007344,28.421787135954062,1.8180671395696035,21.562047637689087,37.32028985444484,1.8670135255407458
2026-06-20 19:00:00,0.0,25.262130197158065,3.1783714240908303,68.99033519428792,53.633927400441756,0.0
2026-06-20 20:00:00,0.0,21.906110308150716,1.7885906630281285,44.46933028582245,55.07960495084455,0.0
2026-06-20 21:00:00,0.0,17.76322457546974,3.570157939422529,90.79130775020853,65.90298568534449,0.0
2026-06-20 22:00:00,0.0,15.578987384699838,3.3839314316285174,46.73915487721733,67.21337295434809,0.0
2026-06-20 23:00:00,0.0,10.975283404468353,5.55932106453868,46.48057556863294,81.75216002043547,0.0
2026-06-21 00:00:00,0.0,11.460185714394612,6.620617492239217,50.139256449958886,77.72693824683677,0.0
2026-06-21 01:00:00,0.0,8.926003423804804,6.791367621579912,41.076375877040924,72.21967637337261,0.0
2026-06-21 02:00:00,0.0,8.344616024176343,2.875663946843396,56.27259139888656,88.01067204211141,0.0
2026-06-21 03:00:00,0.0,10.678731311261398,3.5815562525109446,73.02447090641763,76.69482340456143,0.0
2026-06-21 04:00:00,0.0,13.695698584103635,0.6331236155580995,43.46008508535593,66.2567054757507,0.0
2026-06-21 05:00:00,0.0,14.8921935347649,2.3882598670076227,43.227680459513095,68.02094306875019,0.0
2026-06-21 06:00:00,174.4059251909819,13.644249094565234,5.929703266194915,16.306663859460343,57.96897581240788,1.6438692035615177
2026-06-21 07:00:00,347.2334450612265,17.409729253914243,7.231165647096463,43.58066779115203,48.5140915841395,1.929401721910444
2026-06-21 08:00:00,628.6264870757627,23.411156781982324,1.531302256240156,25.107611470273056,35.033639874339414,5.246578617495991
2026-06-21 09:00:00,738.9139244992049,23.632097450922785,2.8150714816942113,28.51528917974987,31.701945794881116,4.733456091470657
2026-06-21 10:00:00,810.5530754595125,27.663050275004462,3.947188486082146,15.835846801009742,21.889501357481542,7.072112364392635
2026-06-21 11:00:00,936.6328865192422,31.310359522775396,4.560322317639214,16.182872636183955,10.0,6.527652757213519
2026-06-21 12:00:00,903.0947323059047,30.93978816311781,2.3807929601567075,7.367202227149894,10.0,7.1916082736822355
2026-06-21 13:00:00,842.9837529105107,33.74917317468776,4.8481220889281795,30.618260521023593,10.0,4.521284371225171
2026-06-21 14:00:00,871.7969442029635,31.998961757622695,3.0523213058581677,20.5566038796019,10.0,5.591299096763488
2026-06-21 15:00:00,725.2047359686132,32.689058449542,3.971095458243442,12.247297346893337,10.0,4.993085189714232
2026-06-21 16:00:00,519.650975499802,32.87197774662707,5.092568496007399,46.09005340552667,14.804440286698863,2.472804495554141
2026-06-21 17:00:00,382.88181808245804,28.09579077394107,4.0128445396218755,27.441619028811274,36.76967006548925,2.0889543535153035
2026-06-21 18:00:00,165.24411042529277,28.660712106940597,3.127228218946863,18.384656020379886,45.66272323363474,1.3150661831143045
2026-06-21 19:00:00,0.0,25.07637184284023,3.7807803921483383,53.52880651214446,53.10363153491298,0.0
2026-06-21 20:00:00,0.0,22.82873493162572,3.8232740815893296,61.87432618872351,62.06101894171063,0.0
2026-06-21 21:00:00,0.0,19.230042659866747,3.2599779402357445,38.44594904419946,61.9668577309413,0.0
2026-06-21 22:00:00,0.0,18.046210644960766,3.482407874665795,30.50659678016477,72.61945913359116,0.0
2026-06-21 23:00:00,0.0,13.702555379733292,7.197294341009433,42.677055951261565,82.86733144217632,0.0
2026-06-22 00:00:00,0.0,10.963586842898856,5.121838895882478,41.80145877837442,69.40547882402134,0.0
2026-06-22 01:00:00,0.0,10.592336339079605,3.4090393639416794,58.72984247901116,79.92279385750494,0.0
2026-06-22 02:00:00,0.0,10.814947043554582,5.393908809021472,69.62033006342142,78.80225685832855,0.0
2026-06-22 03:00:00,0.0,10.482180190019736,3.33236102048798,88.27518228521475,76.91512054204004,0.0
2026-06-22 04:00:00,0.0,11.66858269139256,6.346249275173283,61.23330305518619,79.12241230797181,0.0
2026-06-22 05:00:00,0.0,12.461731094051297,4.739284384396187,39.55938004759756,75.2821631551068,0.0
2026-06-22 06:00:00,211.0871135918765,15.005648623673578,3.7853957119915425,2.12466562827878,59.978844742936325,1.8454843115183137
2026-06-22 07:00:00,388.48584082783685,16.79026355107021,4.895433851620555,31.749253444546326,54.631872147839566,3.492521268773681
2026-06-22 08:00:00,551.5828997982038,24.62436511478041,0.8582476958630014,8.787901084882446,40.22675567333502,4.785366410496611
2026-06-22 09:00:00,667.3457877395629,23.24003368814332,1.7464650621803894,34.70315966107429,34.412249475939845,4.269794094347932
2026-06-22 10:00:00,787.8011278894439,26.96064220330614,1.6121499872018892,29.7540364371766,25.579455497985066,5.250294005176681
2026-06-22 11:00:00,907.6507699966714,29.40767047588477,4.285886189527414,12.083707088158976,12.56987044693486,7.0260020818139495
2026-06-22 12:00:00,920.0366875049752,33.734691410829925,7.465029998970184,24.185494617743682,10.0,5.42140172838046
2026-06-22 13:00:00,838.3329111716992,33.14868539803078,8.462600292385265,37.1785602840837,10.0,3.9063977040676705
2026-06-22 14:00:00,814.8452733293462,35.8716131090106,5.276102202881514,34.63340510534456,10.0,4.121554020508486
2026-06-22 15:00:00,733.7038191560985,32.58087397910302,5.001688949888914,28.299188831462263,12.313794424281372,4.4460825160614945
2026-06-22 16:00:00,494.36461042800545,32.810796088748965,0.3978845316945221,3.6309838812390693,13.16578990652922,4.112379050755239
2026-06-22 17:00:00,412.22977290099976,29.232260794348935,2.9146524005319563,45.28320752390311,25.017501629810774,2.567351241771735
2026-06-22 18:00:00,173.76389020284918,31.217723691660083,2.424432496183522,32.99151194987344,33.91719475346382,0.3353456029935643
2026-06-22 19:00:00,22.823946743726484,23.324430912685983,2.7583048034977677,25.997278659045765,53.3155793537564,0.1469262893879057
2026-06-22 20:00:00,0.0,22.46473106534054,3.6637123628304207,50.83411403706157,59.10236499260746,0.0
2026-06-22 21:00:00,0.0,19.844836780167903,3.0558188446057453,39.59548472726582,57.30777134873838,0.0
2026-06-22 22:00:00,0.0,16.620698646177246,0.041400379248424546,95.08495527242623,67.04661383767171,0.0
2026-06-22 23:00:00,0.0,13.236787137444868,5.495820512235068,57.430872608467425,70.16708867069113,0.0
2026-06-23 00:00:00,0.0,11.412964104986596,1.854513948520387,62.89143987699017,80.70471453557343,0.0
2026-06-23 01:00:00,0.0,10.474607292499844,4.478493728222299,68.5000779458544,85.00451599512655,0.0
2026-06-23 02:00:00,0.0,9.779496997557267,8.148165339499947,35.61151310944087,82.85763014114949,0.0
2026-06-23 03:00:00,0.0,11.854708759723545,2.1612308168271532,31.445495440071078,81.59655386193583,0.0
2026-06-23 04:00:00,0.0,14.923479656973763,1.0605750454926595,43.76414775682093,70.3155400004918,0.0
2026-06-23 05:00:00,0.0,12.67848094824968,3.4279915562397782,76.04459705523169,78.67100727847652,0.0
2026-06-23 06:00:00,174.19539624859658,13.945295530631384,6.201919269997142,16.436470144995276,67.26063576434164,1.7650497947719141
2026-06-23 07:00:00,392.3913120584589,18.761748386242868,7.916694908441188,20.661645588371673,45.58012353283166,3.3541781000571826
2026-06-23 08:00:00,526.7242870615021,25.86956400648148,1.5409008110951663,35.208706781062645,33.69275031868501,2.9765318451352276
2026-06-23 09:00:00,688.2661124520338,23.900316689275652,4.993398446473043,46.67587510478546,26.574899778935137,4.063416582165667
2026-06-23 10:00:00,851.1236934807548,30.458675208166103,3.069379086439893,30.784195819665282,25.244583537089703,4.564946561894135
2026-06-23 11:00:00,854.3594461827153,33.00183259535323,3.7881032913917285,16.63712679424082,10.0,5.7689823954100214
2026-06-23 12:00:00,933.4276844826056,31.561922482851273,9.28868669403407,32.946052683676854,12.098513777064273,5.016489927399073
2026-06-23 13:00:00,832.2468467773365,34.44458453424674,0.9940593432096936,22.153087051832472,10.0,5.668484252511169
2026-06-23 14:00:00,832.0641482287886,36.442594934692806,4.5074793229891466,7.4892894651044735,10.0,5.983679016065269
2026-06-23 15:00:00,761.311079047543,33.02241830398759,4.935386343530866,21.431978047216553,10.0,4.683673162369284
2026-06-23 16:00:00,462.27504166776873,32.086934305259724,6.171572649878694,40.00409101544534,25.702949914818145,2.224812037268774
2026-06-23 17:00:00,358.6195549869833,29.612760003315607,4.1959663069417905,25.66417487694394,37.76259797761459,2.896229292320305
2026-06-23 18:00:00,223.35172564790466,26.4778649039607,4.616101079008205,13.237845570239706,36.66969988658967,1.5249013064524222
2026-06-23 19:00:00,0.0,24.131912223631243,3.216702865156418,87.91553494320408,43.452712954939564,0.0
2026-06-23 20:00:00,0.0,20.164089599856617,4.538253882490214,42.326400299719886,58.046007138178645,0.0
2026-06-23 21:00:00,0.0,18.945296661158594,3.3136154490051792,31.483498415753186,57.42382145148915,0.0
2026-06-23 22:00:00,0.0,14.845040153412036,5.243143779712102,43.24200990942994,67.05834129386547,0.0
2026-06-23 23:00:00,0.0,13.865397493447553,3.260779327912732,47.47130974515227,75.32107351173131,0.0
2026-06-24 00:00:00,0.0,9.273851685281295,4.754200787804373,33.846563418566305,81.19998139242323,0.0
2026-06-24 01:00:00,0.0,10.905210432852865,3.941474372630043,47.160649296501106,74.04204133988418,0.0
2026-06-24 02:00:00,0.0,11.250293442413387,6.252100501544336,45.14519730118509,80.4419170464792,0.0
2026-06-24 03:00:00,0.0,7.418286620673997,3.8972125528230275,40.613740658076495,88.49778848403096,0.0
2026-06-24 04:00:00,0.0,12.168780009358095,0.45393506358623714,46.91855187170857,73.97715255106068,0.0
2026-06-24 05:00:00,0.0,15.356222114471368,6.523843001427983,37.85081158269573,69.97713837564757,0.0
2026-06-24 06:00:00,216.0469262558148,14.185538471963191,2.1885353982747624,25.15816126212466,67.75002468378405,2.4267639393195397
2026-06-24 07:00:00,373.6559859729918,21.403030039026305,2.6924673227023606,22.978941728445456,48.11477599767462,2.46317120374098
2026-06-24 08:00:00,572.7318159487166,22.62852851404907,2.808677411913016,28.528260819894648,37.76405892826803,3.9990291880149402
2026-06-24 09:00:00,786.6643661670444,24.048310757592635,6.748876186341635,20.53545416496219,35.46637809092988,6.090420187000068
2026-06-24 10:00:00,845.7169692494449,27.916346383513442,0.271348427957391,50.61768565060787,21.7092022205657,4.1827991758962595
2026-06-24 11:00:00,864.3941796769276,31.32277174302115,10.275497067319987,25.914599029700813,10.0,4.858275021991633
2026-06-24 12:00:00,948.0485568865578,32.506312932531884,6.112113618132104,5.402368871577694,10.0,7.522483134148411
2026-06-24 13:00:00,861.1121060427791,34.39924390413837,4.4464778282583195,27.04957575166859,10.0,4.7006588396785585
2026-06-24 14:00:00,729.346999705063,32.61898961038095,3.8902119987674273,23.245975036091096,16.042215524225266,4.794669646979571
2026-06-24 15:00:00,663.3248817845308,33.845151151522934,4.571108149715314,40.68892529961301,10.0,2.87845596571629
2026-06-24 16:00:00,486.3091448318261,30.271733100055794,5.042244856758677,65.21424738860108,22.742764008919597,1.935164397702664
2026-06-24 17:00:00,376.43482584415005,30.31844228221552,5.290431171900114,21.391196408084785,33.36018260082352,2.28717243833836
2026-06-24 18:00:00,201.00557572826511,26.644138537802817,5.111208932006897,65.673898971026,41.63971546288336,0.0
2026-06-24 19:00:00,67.05749249101142,24.002533627345603,4.179161362510498,42.42409723176182,55.97587110618439,0.14092321363593044
2026-06-24 20:00:00,0.0,23.854139762815656,3.605323159385348,45.34361865769636,56.2820198411304,0.0
2026-06-24 21:00:00,0.0,20.53113663966116,3.6974534326929764,48.119281709133375,53.05436757532736,0.0
2026-06-24 22:00:00,0.0,16.913707181360763,3.610183439294638,75.57145409941776,65.66192034607496,0.0
2026-06-24 23:00:00,0.0,11.876249478752563,6.2675401937341295,58.51783532117631,81.19724624233758,0.0
2026-06-25 00:00:00,0.0,11.133082480044534,5.1871134445617235,38.74642644947488,71.62295471415587,0.0
2026-06-25 01:00:00,0.0,12.228536634499955,1.8807772693285605,63.81755982900601,77.64148083279348,0.0
2026-06-25 02:00:00,0.0,10.212575370459858,5.311801553059522,58.23518176406676,79.37866689058656,0.0
2026-06-25 03:00:00,0.0,13.887884394503722,4.389472389437549,55.667732745639086,63.450287500380625,0.0
2026-06-25 04:00:00,0.0,12.197671913678294,3.962582487108205,62.41284845892963,76.20295269523808,0.0
2026-06-25 05:00:00,0.0,13.802792300496478,3.2229630938222282,32.28652688177355,68.20707531837438,0.0
2026-06-25 06:00:00,225.58011520493434,15.536325303696248,6.2482254399720265,31.70648334555955,56.32168702587735,1.4632744495510812
2026-06-25 07:00:00,481.32307951797816,19.094482815943174,5.895052924245716,17.7633416648473,47.41704536168747,4.3211370854026265
2026-06-25 08:00:00,568.4154718752,21.771295245429183,2.4542446643527818,51.188252699358415,29.7506806566206,2.556001864078418
2026-06-25 09:00:00,713.5771576732403,26.167991556263136,4.81410457424907,38.87941904951726,22.88525069435211,3.6872833470196458
2026-06-25 10:00:00,792.4975451305675,29.435053475191875,2.0566865309174283,44.95548499413397,30.110837958212464,4.207869967698725
2026-06-25 11:00:00,843.4413461850495,29.306297183476644,1.240763670422139,49.9917763456227,19.335277214529945,3.8686693654402524
2026-06-25 12:00:00,933.2134326617698,30.395455415076597,2.74656555082007,28.94523620024089,10.0,6.251956100851705
2026-06-25 13:00:00,843.1917679272865,30.836801855813874,5.724786944765517,36.31809079629769,20.05147295105564,4.825868319922723
2026-06-25 14:00:00,813.7346306009529,34.76198699036882,5.906250090752174,18.578443212222087,10.0,4.81587448354269
2026-06-25 15:00:00,684.5420363506223,31.93606000620801,5.026170840194586,23.087470275794626,12.823143131387951,4.425968649589359
2026-06-25 16:00:00,580.300014702716,29.16296895598454,5.450191573695994,34.904604449116654,18.520804597303005,3.038637969564067
2026-06-25 17:00:00,403.84184941728034,31.06814928103502,5.032356574229917,24.416643613835387,27.028845348741655,2.1013939663348613
2026-06-25 18:00:00,241.770438330999,31.739499276149186,2.7170368095540955,41.12344915093447,36.1110364082573,1.059681241839921
2026-06-25 19:00:00,0.0,25.096722173920412,4.8638450893478815,44.57602859966128,44.8115244893599,0.0
2026-06-25 20:00:00,0.0,23.257736161677464,5.600819050455365,23.80961249824287,43.182312489599624,0.0
2026-06-25 21:00:00,0.0,19.016915496591103,5.508582659627148,76.2367337790416,67.42100237941489,0.0
2026-06-25 22:00:00,0.0,15.851665520213285,6.377826742949286,32.90070836716953,76.06567146501183,0.0
2026-06-25 23:00:00,0.0,14.893333350243083,5.416607694402128,60.21971070324341,60.23793096744017,0.0
2026-06-26 00:00:00,0.0,11.172283338303759,4.702896415083166,37.2205724641465,79.95570503062471,0.0
2026-06-26 01:00:00,0.0,10.809978555639034,6.140300476632855,37.036207830172785,79.51256964929837,0.0
2026-06-26 02:00:00,0.0,10.48254670929402,3.94695748150188,46.21214092500534,75.09753005697318,0.0
2026-06-26 03:00:00,0.0,9.406754404066607,2.2362506975445644,26.039651688915797,74.21471285852063,0.0
2026-06-26 04:00:00,0.0,13.09575867889152,3.6738660721124723,71.76335726560646,78.76723436944974,0.0
2026-06-26 05:00:00,0.0,13.252278990718317,2.510194710387102,32.26821648980236,74.39079467584934,0.0
2026-06-26 06:00:00,169.31727259654002,14.866382260760734,2.649643450051237,16.13760415954073,66.45984958771594,1.507897347583938
2026-06-26 07:00:00,340.70917707334564,19.698936224125358,3.710962658568964,6.77652809329191,47.27200547538291,3.7093376582388977
2026-06-26 08:00:00,489.99201171668903,20.652298027313442,2.415160158000077,10.319532780078854,39.98609757162266,5.034036720698925
2026-06-26 09:00:00,763.4901066807942,25.14810027728394,3.3840769407219193,24.312926408550883,14.52422853863856,5.8388176341660465
2026-06-26 10:00:00,837.0466073663395,27.986321505033693,0.21277066609242867,38.29298905120149,17.775818620018036,4.520881167559333
2026-06-26 11:00:00,875.211734127223,32.114124722985935,4.426587414745877,51.43772970295415,16.70953042748255,2.786604074660342
2026-06-26 12:00:00,911.1987450527928,33.104352194733195,4.002410950724449,13.337174545605986,10.0,6.522778113150241
2026-06-26 13:00:00,832.4155590717062,33.553569477351104,2.3658227378636187,9.198248689876843,10.0,6.719877242952255
2026-06-26 14:00:00,908.7020602968503,35.22664944880043,5.31849133686481,14.453229904701596,10.0,6.021117929578231
2026-06-26 15:00:00,708.8171815002361,35.67642123899479,5.875140275253116,37.675949745883344,10.483042069235017,2.7950239525174125
2026-06-26 16:00:00,565.516613457056,33.22902030494106,0.7848802712620517,13.441474204193243,13.646931183000325,3.7717005596818978
2026-06-26 17:00:00,419.52603016175004,30.500810304003643,2.4745504428675718,31.87484056140717,24.668776163642008,2.4056002412882918
2026-06-26 18:00:00,219.50920983015158,26.03224565147476,2.4617153004254035,44.09260939027455,42.66974798823973,0.8259311536189298
2026-06-26 19:00:00,8.955360971165366,23.508158046617194,2.120193797782271,9.582704965109116,51.93727573448402,0.0
2026-06-26 20:00:00,0.0,21.542162943468,5.658949683863497,32.700808289497544,61.91632079183391,0.0
2026-06-26 21:00:00,0.0,17.97990315553083,3.612347722454393,52.17778262429801,76.22640656855943,0.0
2026-06-26 22:00:00,0.0,15.71954304552183,3.4709703173787787,65.52997340712383,60.01509613300406,0.0
2026-06-26 23:00:00,0.0,13.599693513107091,0.0077247288135069425,60.37021900406361,78.94938862657573,0.0
2026-06-27 00:00:00,0.0,12.402234286121832,5.2708360604184525,24.492350996267525,75.721829932873,0.0
2026-06-27 01:00:00,0.0,10.303141917442543,1.5214832102930549,100.0,86.33472085938571,0.0
2026-06-27 02:00:00,0.0,10.729752465739303,4.119865260532657,57.604621156642175,82.16226762484979,0.0
2026-06-27 03:00:00,0.0,10.50560170674636,4.554753875916384,38.615920971773406,79.29457888618583,0.0
2026-06-27 04:00:00,0.0,8.64449530505593,6.7213171916773025,55.50694641520563,86.51112410209332,0.0
2026-06-27 05:00:00,0.0,12.1057155350333,1.3823592017617758,37.170856060645605,73.81779007400942,0.0
2026-06-27 06:00:00,132.57025537209017,15.783868666417577,2.0390243116416507,40.227641999425245,60.58364789547787,0.954998254616497
2026-06-27 07:00:00,451.6773779842269,17.07962934450809,4.36769908950739,18.69926117258386,56.34473554944876,3.9292606805728143
2026-06-27 08:00:00,554.8205057297006,22.899893094994308,7.601022363021707,6.441766416285241,33.333956394172844,5.325244242435468
2026-06-27 09:00:00,686.5730914233301,27.401954789745794,6.477892705878874,32.21094165631192,27.810760636016347,4.418578511248028
2026-06-27 10:00:00,770.3878061017705,29.828142777545974,4.419318830549251,33.33409411108965,17.385818177292432,5.0813540988279
2026-06-27 11:00:00,811.2408540890104,30.165117067843255,3.0167276287359055,36.17175525774518,10.0,4.5383972490977245
2026-06-27 12:00:00,932.9268233584766,34.62839405068819,5.614245193274621,11.61753294148751,10.0,6.167841882380103
2026-06-27 13:00:00,880.3678396511774,33.81411110127199,2.0529076005910625,42.40758834954792,10.0,4.0283161754696115
2026-06-27 14:00:00,759.2735451225351,33.49437104332294,4.952715538712439,37.32253621564776,10.0,4.023211617372905
2026-06-27 15:00:00,651.8451833386823,32.67100592015741,5.010940318333254,18.333374783703114,10.0,4.674116405753397
2026-06-27 16:00:00,547.7094337012552,31.93860031568107,6.12041981499776,22.83344984766445,26.295266996731,3.0450498055065625
2026-06-27 17:00:00,457.25622621737807,29.90301614642673,9.519320077822155,52.81224747065734,27.323156176983257,1.9570684615129543
2026-06-27 18:00:00,189.88518650613887,28.255624333563233,4.784831934357534,28.744364247492598,40.0108921940384,0.9504511728416024
2026-06-27 19:00:00,0.0,25.34668951280505,2.9820727485850025,65.05017205515955,46.94024021349868,0.0
2026-06-27 20:00:00,0.0,22.004569030230122,3.948851375616011,53.04836357273878,58.648310380273045,0.0
2026-06-27 21:00:00,0.0,19.54957871338928,0.4618481902217635,76.01647351142917,70.07494329615496,0.0
2026-06-27 22:00:00,0.0,17.78596941217951,2.6105737378218836,50.93652772426795,60.75269625750419,0.0
2026-06-27 23:00:00,0.0,14.939049828923416,3.181435123773792,64.10303910085581,78.45696386893852,0.0
2026-06-28 00:00:00,0.0,9.38034820191188,2.951823204130815,49.161790928605065,83.23212392563627,0.0
2026-06-28 01:00:00,0.0,6.578008382178248,4.304709744067444,51.226172633995304,82.49681949545919,0.0
2026-06-28 02:00:00,0.0,11.40147986685891,2.355160135235599,51.3055032633561,88.25899345423723,0.0
2026-06-28 03:00:00,0.0,8.358572036908049,6.242061334648943,27.583134830226655,85.24105712562856,0.0
2026-06-28 04:00:00,0.0,11.27054705174771,4.000414129836394,61.97578437466106,80.84129924036978,0.0
2026-06-28 05:00:00,0.0,11.759549086672392,3.981399357722771,45.90520487624869,75.13414130302142,0.0
2026-06-28 06:00:00,303.2032326906774,13.297029343629971,3.3442105669741644,18.611474671119055,60.32821110537215,3.426353688891007
2026-06-28 07:00:00,392.86410256638186,19.70636555107693,4.310381367717958,11.955028083766143,49.64041204423363,4.276599651063447
2026-06-28 08:00:00,561.6979933493781,23.13873274045397,5.650196529335269,4.2997306432424365,44.77891333602736,5.552853977576796
2026-06-28 09:00:00,702.6833307368267,24.24106294014017,2.2657395685781996,60.57924099016173,28.889075136686408,2.5921152856434264
2026-06-28 10:00:00,818.7953715428914,24.113436561782635,2.6837670218494867,32.08700481739361,27.0755095022773,5.366210391576679
2026-06-28 11:00:00,871.6607044866835,29.665914701859844,3.3925479424466705,24.151538617329056,21.799991821577734,5.704064097002311
2026-06-28 12:00:00,877.0535197247906,32.980010853517086,1.3082581530535702,19.023557901867008,10.0,5.676715708858767
2026-06-28 13:00:00,855.5607633140255,31.37274256230763,2.361484280557004,38.31927830118527,14.139073531809581,4.83271541491442
2026-06-28 14:00:00,809.5618503035373,34.27503987966873,3.047558252910682,31.198023558062516,11.549817265254905,4.4174575805440774
2026-06-28 15:00:00,681.9113433758763,33.56814514170933,5.748778361425455,21.00309847495157,11.422464670920135,4.632037812204119
2026-06-28 16:00:00,532.6269903657737,33.2612420948149,4.52512265800385,10.748146230475571,19.047894065396612,4.059697338278589
2026-06-28 17:00:00,394.75257431347825,30.6646519268598,4.387179822735089,26.105159827816898,30.133632805281916,2.1733106031962066
2026-06-28 18:00:00,190.06975186384884,26.540396588677666,5.701795924335944,65.8143540784648,39.21253829900857,0.09060594957424317
2026-06-28 19:00:00,60.15971954330766,26.90068579372699,3.725256423201207,23.877315803259066,48.47266265119676,0.05296735667569158
2026-06-28 20:00:00,0.0,21.762205640459545,4.780929699857779,52.239802151026964,53.74065830180372,0.0
2026-06-28 21:00:00,0.0,18.853214649504856,3.7935564941350077,39.127115985704506,58.918132806187835,0.0
2026-06-28 22:00:00,0.0,14.600098061390204,4.530724698799257,57.10106122217605,63.1645985731173,0.0
2026-06-28 23:00:00,0.0,12.849795248974164,2.8344826847768356,41.64893491556835,71.78309778254639,0.0
2026-06-29 00:00:00,0.0,10.280491083546384,0.8776343165528582,37.29872365289445,75.36150432355613,0.0
2026-06-29 01:00:00,0.0,10.149470994646045,3.7314416756273916,71.02587116877231,77.69668822943304,0.0
2026-06-29 02:00:00,0.0,12.567562720213516,6.84549627219988,28.946149113306106,77.92483771914542,0.0
2026-06-29 03:00:00,0.0,8.351038370134145,5.852430804483185,82.59464827908656,74.66955199285619,0.0
2026-06-29 04:00:00,0.0,9.187353057771624,5.930794969182341,48.25253957908434,71.7519394115212,0.0
2026-06-29 05:00:00,0.0,15.721474117001843,6.472261443612435,62.412278955081604,64.8116556827399,0.0
2026-06-29 06:00:00,237.69597628658138,15.686014484272201,4.177315181922875,31.110133137351383,63.80324421079145,1.6682071939486462
2026-06-29 07:00:00,441.3575690055687,17.890562350779877,4.394631414811191,8.557242722329207,52.422472963371625,3.98891545479595
2026-06-29 08:00:00,590.0077042345896,23.559857031094115,2.7646962091312997,27.43334630777422,31.35474314621945,4.15614163819421
2026-06-29 09:00:00,658.4862633725377,24.197405231624952,3.3678542879459004,15.038377614516953,37.69764279635628,6.42368725397439
2026-06-29 10:00:00,789.8911704609862,30.739014570320403,5.231542299542284,29.414075310522914,11.533186069937903,5.045096827346033
2026-06-29 11:00:00,897.010103412758,31.50217018124747,6.407768874337632,26.54378616968896,12.397626465757952,5.735240270207871
2026-06-29 12:00:00,851.1148876443222,31.66043773319471,3.721107448638001,9.430256429180591,10.0,6.714581942934632
2026-06-29 13:00:00,905.9550581705367,36.827072235367076,3.0996214702971767,66.14856689499689,10.0,2.060358002368607
2026-06-29 14:00:00,801.2589651858518,33.09142761549499,4.001055917713194,52.3004321009627,10.0,3.2102515504203724
2026-06-29 15:00:00,688.6555019192431,34.70425297348278,5.202413497858229,19.47149250249008,13.601830919524936,4.355871788145624
2026-06-29 16:00:00,589.5792204009999,32.841243716023,1.1122903677329163,23.209496040848972,18.435261681637776,4.2500229800238225
2026-06-29 17:00:00,408.265897665244,32.43789330833677,0.5923619062744763,19.80856884097398,27.71674977225186,2.672056389222615
2026-06-29 18:00:00,185.83019392791985,30.34226679509028,2.898926301016833,26.332533634262063,35.545491004667255,1.0690817621219046
2026-06-29 19:00:00,46.37319213457003,25.153834764828904,1.5585751481716827,13.06550627169592,40.245287390433994,0.03646114559511565
2026-06-29 20:00:00,0.0,20.869873194480725,2.983719604705378,45.81105148163324,68.83232778258251,0.0
2026-06-29 21:00:00,0.0,19.58412967317843,3.704439362365057,42.734130437391904,62.70758572393548,0.0
2026-06-29 22:00:00,0.0,14.98342694537184,3.0935031819539733,55.95988931407153,72.60650388119747,0.0
2026-06-29 23:00:00,0.0,16.534799497051367,6.904935068941491,78.03080646535541,65.04621260841446,0.0
2026-06-30 00:00:00,0.0,11.812498151210843,4.65348952920464,84.41064883760531,81.94089516408185,0.0
