Antiguedad_Meses,Score_Satisfaccion,Productos_Activos,Balance_Cuenta,Transacciones_Mes,Target_Churn
83,5,1,928.0163684241129,8,0
32,4,4,7799.943880296147,18,0
45,5,1,3742.6215598397384,18,0
78,1,3,9629.087045399887,12,0
35,4,2,5750.265062426283,15,0
67,2,1,10187.15090248577,6,1
107,4,2,4863.377088512457,10,0
61,3,4,5486.37186717239,12,0
43,5,4,4547.1714635523085,15,0
97,2,3,9606.74706662452,8,0
39,3,4,1657.5618871574693,18,0
60,1,3,7956.1469993165665,10,0
118,1,3,14283.350275072988,8,0
41,3,1,0.0,12,0
52,4,2,9809.199578236265,15,0
100,4,2,4029.533915793224,8,0
67,1,1,5814.982365461239,9,1
83,2,1,7022.789409140135,10,0
100,1,2,8407.906627104197,13,0
18,3,2,2212.143986979402,11,0
30,1,4,7307.65920172999,11,0
117,3,4,52.92731857113267,10,0
77,2,2,6537.194604236075,9,0
37,4,1,5774.4599594045885,16,0
103,5,2,981.3840961712572,7,0
78,2,1,9533.973883659502,9,0
57,5,3,6772.860868331065,13,0
80,3,3,8455.964754336766,12,0
99,2,1,8425.88221118728,9,1
109,4,1,0.0,15,0
99,4,4,0.0,13,0
97,5,3,5750.425198270026,9,0
6,4,3,2137.9397571007175,13,0
61,5,4,5349.562988800088,7,0
68,5,2,521.8698440112457,10,0
49,4,1,2463.564663853774,10,0
115,4,4,5916.2601879335325,11,0
97,5,4,8883.054949159749,14,0
88,2,4,7260.29214911927,11,0
55,2,2,6120.163020531902,16,0
94,1,2,2991.3482972882675,13,0
54,1,3,9601.548457563049,10,1
84,4,3,9089.05980318607,10,0
16,4,2,2941.3027209302454,7,0
66,2,1,10337.911860396373,19,0
65,2,4,11865.322275435883,10,0
65,5,4,6643.609417782198,12,0
98,2,3,5136.510634932085,15,0
111,4,1,149.94335178811252,11,0
50,4,3,6336.219032896893,8,0
94,2,4,3592.4876569325806,10,0
58,1,2,9700.43162122343,22,1
99,4,1,3456.768744776582,16,0
114,1,4,6123.263508717463,9,0
27,5,1,4731.111959837064,8,0
83,4,3,1711.7911373561128,8,0
68,3,2,11164.11621573353,10,0
58,2,2,4999.791362049519,11,0
111,1,3,6362.960809068038,13,0
64,3,1,5795.983814956613,7,1
67,4,2,11849.547345666266,15,0
39,4,1,2569.669257774251,9,0
51,1,4,7000.466515784475,14,1
30,4,2,0.0,19,0
24,2,3,3789.5396559800283,11,0
86,2,2,7293.133210931026,14,0
115,1,3,0.0,11,0
61,4,1,3636.401244685479,9,0
33,2,3,13677.974719763835,9,0
68,2,4,1580.864685392984,12,0
24,4,3,7172.55772565921,8,0
68,2,2,4075.3465923667914,7,0
62,1,2,8708.087365420499,12,0
48,3,2,8674.461690540847,12,0
102,5,3,6559.588205465761,10,0
80,3,4,832.8925921593682,15,0
73,4,2,5651.527096423111,11,0
94,1,2,6420.2138162069805,11,0
64,3,2,5720.487358273451,13,0
13,2,1,8066.180152813302,13,0
24,2,4,0.0,8,0
71,2,1,1887.0023640529835,10,0
25,1,3,9563.328068969975,13,0
115,2,4,3386.7327482316105,8,0
100,1,3,10835.2362278416,13,1
25,2,1,3609.6123908904765,12,0
80,5,1,12795.259007332217,14,0
95,4,1,7527.973782877247,9,0
8,4,1,7465.364236340574,10,0
94,3,3,1753.5037507458323,7,0
38,4,4,5536.11739505234,13,0
83,4,4,5529.822636573093,17,0
41,5,1,2331.8861830601895,9,0
81,2,1,9324.32324451462,12,0
104,5,2,7884.1107368111225,19,0
85,1,2,12135.511844988432,11,0
39,5,1,2287.2395575082296,15,0
112,3,1,7656.421292811923,15,0
104,5,3,5907.7857950140915,9,0
118,3,2,13113.870276843103,16,0
65,1,3,2660.98231692129,6,0
27,3,3,0.0,10,0
26,4,3,5151.271377537755,9,0
9,3,3,0.0,8,0
13,2,1,5096.471962511375,13,0
26,4,4,0.0,14,0
19,2,1,0.0,10,0
104,3,2,7107.162294317948,9,0
22,4,4,6169.048816472791,16,0
46,4,4,5269.3453585146235,14,0
89,1,1,0.0,13,0
96,2,1,2951.0817921518724,13,0
20,1,1,2699.2018109514684,9,1
35,4,3,2013.7124248326104,14,0
6,4,1,1364.156596646285,20,0
54,5,1,8705.647034197329,10,0
48,1,3,10348.5227692818,8,0
80,4,3,4948.046694813724,7,0
53,5,4,8055.6556857153155,9,0
10,1,4,8236.975470340525,11,1
96,1,4,9493.097572782754,18,0
84,5,3,1273.1174615685532,9,0
12,5,3,6902.992648216845,16,0
31,1,1,5957.114176009917,13,0
76,3,4,6166.03116803031,16,0
43,1,2,2446.90259863043,11,0
75,4,3,603.2481783630001,5,0
55,5,4,12553.03793938657,8,0
99,3,4,4095.985601765059,9,0
29,1,2,4867.263914587547,12,0
11,3,4,0.0,8,0
49,3,2,13118.464862009772,9,0
95,3,3,4635.283261348562,15,0
105,3,2,1364.993727869713,9,0
44,1,2,0.0,12,0
56,4,1,5018.73613770668,13,0
88,5,4,3303.6583590776186,13,0
44,1,3,2433.576602205183,13,0
51,5,1,7833.973299192072,16,0
38,1,1,1272.5052863968203,7,1
99,5,3,4310.674851413355,12,0
62,3,2,4399.32831507284,12,0
84,5,4,1503.7321227631787,11,0
23,2,1,0.0,12,1
77,5,4,7644.9523589793735,15,0
24,3,4,4823.414228826291,12,0
100,3,4,7453.748125913156,10,0
47,2,4,5426.680161391042,12,0
39,3,4,11691.55309635685,11,0
118,1,1,4659.331593663924,14,1
95,1,4,3211.08127242852,7,0
7,3,1,6366.886015496895,18,1
49,5,4,12084.891631410526,8,0
16,2,3,0.0,10,0
119,2,3,16344.061430559705,18,0
56,1,3,8258.143236243035,13,0
19,3,1,4726.444954050222,10,0
57,2,4,9974.202023158592,15,0
58,1,4,0.0,13,0
72,1,3,11812.05392916693,12,0
29,5,1,5153.218556527191,11,0
30,5,1,2488.189035721925,10,0
42,4,4,3252.6561588978198,11,0
105,4,3,7449.3967394040465,10,0
36,4,1,10344.480213593344,10,0
56,1,1,11227.160997683317,14,1
19,3,1,12151.891212998533,16,1
84,3,3,0.0,13,0
42,5,2,6323.85630366479,12,0
10,1,3,7785.826880080143,15,0
108,3,4,5257.469179741712,12,0
81,3,3,3729.1285185798433,15,0
12,5,2,9439.597993265379,13,0
54,3,3,8710.53159114223,14,0
88,2,3,2164.1695484777083,16,0
25,3,4,6414.936409467716,6,0
80,1,3,1042.6313829424616,13,0
96,4,1,8758.648754880085,6,0
67,1,2,2715.474001055504,15,0
106,2,2,6150.205558633865,14,1
6,2,1,0.0,14,0
30,4,2,4035.0585918503893,17,0
54,3,1,10091.372711896754,12,0
67,1,1,1046.665928471832,9,1
29,3,1,0.0,14,0
106,3,2,8876.035976935531,13,0
102,1,2,5011.089768251963,15,0
79,5,1,11037.634379766554,16,0
112,2,3,13355.132271709675,6,0
107,5,3,7526.725328597027,7,0
42,5,4,5101.066085448129,11,0
52,2,3,1561.6785104887172,16,1
39,1,4,0.0,16,0
82,2,1,1272.9225857429556,10,0
103,2,1,14711.04471150463,9,0
49,2,3,7526.9609906909045,10,0
99,5,4,12289.226459750971,7,0
29,4,4,5164.407284781931,14,0
80,1,3,7772.732185757221,13,0
90,4,2,6054.893744398394,14,0
86,2,3,5231.126803535953,11,0
14,2,2,1216.2391805985512,10,0
106,5,1,6596.524964453438,14,0
103,5,2,6489.534933953703,10,0
79,2,1,12266.674683094427,8,1
35,3,1,6517.474532002188,21,0
34,3,2,9540.753646492907,11,0
63,1,2,2347.5971357825533,11,1
56,3,1,7256.042454447548,7,0
50,5,4,6126.028310158861,14,0
87,1,3,4543.965412902115,13,0
118,1,2,4990.27817070693,10,1
54,3,3,5940.319937419565,9,0
47,4,1,7004.184616307947,15,0
81,5,3,7027.071024770157,10,0
102,2,4,10060.316629751665,13,0
6,1,3,6368.269789831922,12,0
79,5,2,0.0,14,0
44,5,1,8424.541527257868,16,0
65,3,3,0.0,13,0
94,5,4,4338.404553654627,10,0
98,3,2,8755.795689374216,11,0
104,4,2,13384.751994119755,12,0
30,3,1,8593.576278414857,11,0
52,3,2,0.0,12,0
93,1,2,13399.46733602656,19,0
55,4,1,3384.2015779595713,14,0
70,2,1,6438.808659332457,10,0
98,1,3,7751.831123377402,15,0
87,4,3,9645.710621311451,15,0
89,4,4,2592.763906966061,4,0
74,4,1,6841.236374474545,12,0
33,5,4,7097.869497502212,14,0
42,5,1,9099.797473725059,14,0
38,1,3,8596.27614504825,16,0
69,3,2,0.0,14,0
97,5,2,5676.902799872427,20,0
91,1,1,3352.674477967411,13,1
31,1,2,9801.548748863133,10,1
104,4,4,11859.355650779547,9,0
42,1,2,7861.121668507372,14,0
107,5,4,3263.4233632547534,11,0
53,5,4,2551.6459136409317,11,0
15,4,3,8288.949725161714,16,0
35,4,2,6895.673008917391,11,0
102,1,3,4746.573128201575,8,1
48,3,1,17898.1474151429,9,1
40,3,2,6997.673211340283,10,0
66,2,1,1985.5152052763492,8,0
34,1,3,6767.055245252874,11,0
71,3,4,291.0049099305852,10,0
18,2,3,10267.176995509497,9,1
29,3,2,6624.284407166216,10,0
24,3,3,7087.888555613936,14,0
97,5,4,11788.937458940887,14,0
100,4,4,0.0,14,0
95,1,4,5740.507797378708,7,0
72,3,2,8755.977768236633,10,0
26,2,3,2408.8505364379007,8,0
48,2,3,9373.60462074112,13,0
55,4,2,0.0,7,0
99,3,3,702.8454190614375,12,0
16,4,1,10148.99770452105,14,1
51,4,3,8083.372981130977,9,0
7,5,1,4359.980867069311,13,0
101,5,4,4024.6790807790817,11,0
114,3,2,76.11183815222194,14,0
52,2,1,6374.806518873004,19,0
9,1,3,5402.889826540074,14,0
22,4,2,6852.6825239102545,10,0
104,1,2,2327.250864719841,8,0
75,3,2,2169.230359889206,12,0
34,4,2,6430.051121855635,14,0
82,4,1,6275.484773980937,14,0
109,3,4,6432.682751261401,15,0
83,3,3,6070.539248984605,7,0
34,1,1,2843.399604358263,11,0
27,1,4,6202.916908090549,12,0
45,2,4,9923.578919020769,12,0
53,5,4,6697.057283432977,12,0
12,4,3,6427.966081030279,9,0
82,2,1,3663.1033776910263,9,0
54,3,4,11862.235187479127,3,0
49,5,3,6220.740528846833,5,0
58,2,3,11402.382929695053,16,0
111,1,3,4580.747224897635,9,1
86,5,2,4537.618307169947,5,0
118,3,1,11110.26573707527,8,0
27,5,1,2597.38153403507,10,0
111,1,4,1346.962350185624,8,0
6,1,2,4760.0624428450155,17,0
57,5,2,2328.6171114605963,10,0
61,5,1,8293.294877715007,10,0
88,3,4,8886.78140493084,15,0
105,5,4,6101.080297176937,14,0
11,3,4,6360.735832827237,10,0
96,5,4,3791.5728130014004,14,0
42,2,4,1898.0500178773332,9,0
17,1,1,1608.718540604842,8,1
85,3,2,2173.08471065698,13,0
83,2,2,204.21364145979896,9,0
108,5,3,1496.298198441351,8,0
96,1,3,8190.658784984487,7,0
22,5,1,12259.18035491814,18,0
8,2,4,0.0,20,0
96,4,2,1324.2626448385258,9,0
30,5,1,6565.347588985187,10,0
116,2,3,6547.887922437754,14,0
50,2,3,4405.834662232065,11,0
81,5,4,2744.8608491264663,13,0
119,1,4,1127.0681769663656,14,0
42,3,4,4809.409415089763,5,0
14,1,3,2052.794929507522,10,1
92,1,3,6547.174139506307,14,0
30,1,4,0.0,17,0
34,5,4,0.0,12,0
81,3,2,12709.944074157269,10,0
43,4,1,9188.258376848231,17,0
28,2,3,4490.934448108677,9,0
48,2,1,6475.781309356427,10,0
82,1,3,2199.955873090952,9,0
37,3,2,0.0,16,0
72,4,2,2059.485360572959,11,0
84,1,4,8827.888381328348,11,1
16,1,2,0.0,14,0
117,5,1,7185.718748710748,7,0
65,5,1,8876.801796240192,9,0
103,3,4,1983.9114275004104,16,0
102,1,2,11749.767181271476,11,0
82,1,4,4073.4141191553936,9,0
60,5,2,0.0,9,0
30,1,2,3186.3419893869304,11,0
52,1,4,5936.526309808012,10,0
108,4,4,4722.824862120108,9,0
20,4,3,0.0,12,0
103,3,2,8924.098293070201,20,0
114,1,4,2631.2078981454692,10,1
113,1,2,7772.5024154145685,15,0
25,3,1,2142.406460935682,14,0
62,3,3,9570.49700084661,14,0
60,3,4,3476.9020244275225,15,0
55,1,1,10665.015708482182,13,0
53,5,2,7766.032615245758,12,0
98,1,3,2714.3479181428866,12,0
45,1,3,13562.160817601158,10,0
66,1,3,1710.881504808609,16,0
18,3,4,12377.904849593488,10,0
103,2,2,10875.68323280291,10,0
28,2,2,0.0,11,0
112,5,2,3682.948593745061,10,0
18,3,1,3263.263442120791,14,0
41,3,1,7333.102329754061,11,0
104,4,4,0.0,4,0
52,4,1,14139.005299308616,13,0
65,1,3,8973.161889761559,20,0
109,4,4,9878.803245722354,16,0
71,3,3,2427.2468272164824,13,0
24,5,1,5124.06351056854,14,0
19,5,1,4759.62161644493,12,0
100,5,4,2387.932204323398,13,0
88,3,1,0.0,14,0
68,3,1,16185.021082950178,11,0
83,2,2,4634.3799939753435,14,0
104,3,3,4304.71147101807,12,0
78,1,3,8480.39780000327,7,1
43,4,2,6290.398602276482,10,0
9,1,1,3704.083453343452,14,1
43,4,3,7799.882803402821,9,0
107,1,4,11742.155203470227,14,1
55,5,1,4628.366213128308,10,0
89,3,2,0.0,11,0
109,3,2,6296.608300108792,20,0
82,2,1,9194.27376881431,12,0
25,1,4,0.0,19,0
24,2,2,3168.878833512099,7,0
28,2,3,0.0,18,0
35,5,4,9075.778177632414,18,0
104,3,4,4318.702471262731,17,0
70,5,4,2485.276702869423,14,0
14,1,4,684.4202666906567,16,0
15,3,2,5127.90505379943,9,0
55,4,1,9092.790687782399,7,0
102,3,2,0.0,11,0
114,4,3,11126.847275750824,16,0
108,2,3,9113.506672766083,10,0
85,4,2,4161.879959940452,11,0
28,5,2,0.0,12,0
6,3,3,0.0,3,0
96,3,1,4203.477317745348,12,0
15,1,2,5711.676227845025,19,0
46,3,2,3530.6672179083357,8,0
13,4,4,6925.288998500568,13,0
115,4,2,5501.821898301077,9,0
51,1,3,0.0,10,0
74,2,1,3308.531825330627,14,1
20,3,4,8227.94941260166,11,0
116,4,3,8003.561862716828,19,0
16,4,1,10385.747388114498,9,0
78,2,3,3831.0281685881346,6,0
9,5,4,3008.5113388094815,14,0
89,5,1,8133.289484819791,6,0
89,5,1,7223.013222050675,16,0
94,4,1,1834.2269355007102,12,0
43,4,1,1448.3467196510082,14,0
93,4,2,4396.06801584381,15,0
76,5,1,7828.315559126851,20,0
96,1,3,9159.083920426678,7,0
29,2,2,4290.424441438553,13,0
47,3,2,0.0,11,0
95,4,2,12647.965108699329,9,0
52,3,2,2185.7141922788182,15,0
85,5,1,909.4172411627214,13,0
10,3,1,7410.39049978332,16,0
113,3,3,0.0,20,0
20,4,3,8458.012585845492,8,0
33,3,4,1032.7491710299164,8,0
39,4,1,205.4196961761263,10,0
112,3,1,2284.5896105659417,15,0
11,3,3,8940.861299973065,10,0
61,4,4,4596.9725436223025,10,0
28,3,1,0.0,17,0
24,4,4,2446.654128906166,8,0
61,2,3,7065.025074813018,16,0
88,3,2,876.1575829656758,17,1
93,1,4,5149.248733121261,8,0
58,2,3,5110.917099683862,12,0
61,2,4,0.0,13,0
93,2,3,3855.5378216493364,13,0
108,4,4,658.6826935727186,18,0
108,1,4,0.0,12,0
13,4,2,10338.271793956334,7,0
116,3,3,1369.0362954887228,13,0
19,5,1,2639.8433602524174,14,0
37,4,4,8448.164976317343,9,0
104,1,4,5879.6199298552265,14,0
58,5,2,9618.055198668848,4,0
22,4,3,913.6505250100713,14,0
97,4,3,7837.564886099768,12,0
113,2,3,10392.39238298087,14,0
77,3,1,1362.3873417144396,11,0
86,5,3,1448.5607075617672,6,0
73,5,4,2056.2047357063116,8,0
68,4,3,3546.659194068987,5,0
113,2,1,424.7980923750856,16,0
60,2,2,10420.900503479841,8,0
82,3,3,2848.23639520405,13,0
19,4,2,6286.839978147374,16,0
83,4,1,11558.709682551234,12,0
101,4,4,2837.2472331020504,17,0
95,2,4,647.7162321890974,18,0
55,2,2,10540.835753352654,8,0
42,4,4,4676.1856232049595,16,0
95,4,1,9768.660617580725,11,0
68,5,2,0.0,9,0
48,4,3,9198.927262734669,14,0
7,2,3,0.0,7,0
13,1,4,6533.556222383401,10,0
11,4,2,0.0,10,0
110,5,4,8722.055754361949,13,0
54,3,2,4788.903979537043,12,0
74,2,4,3293.274407061903,17,0
21,3,3,8157.356597900873,17,0
14,2,1,4506.207544038459,21,0
86,3,4,8954.153388735549,9,0
109,4,3,4760.5593061932195,10,0
14,3,1,6155.027830902284,6,0
20,2,4,2860.8839210319998,10,0
102,4,3,9902.888315638174,19,0
63,2,3,5527.894795377947,7,0
30,1,4,9117.771164734993,9,0
8,5,3,5383.584486857208,14,0
61,3,4,6726.594301060991,14,0
28,3,1,9866.513256289993,4,0
94,3,2,10667.992033363696,17,0
16,5,1,2424.872454085829,13,0
54,5,2,3317.305080296269,10,0
97,3,3,5021.887452797016,11,0
68,1,2,5066.726822662729,8,1
89,4,4,3394.8913669539816,15,0
43,3,4,2498.955785059332,8,0
97,3,2,7341.374853420484,13,0
97,2,1,6848.888897889512,9,0
102,5,2,3689.5660175734874,14,0
63,3,2,12939.578140429518,15,0
42,5,3,3225.174978707492,13,0
114,2,1,7089.237969901366,10,1
49,2,3,7523.905814344656,8,0
103,2,4,7426.580538397207,10,0
79,5,3,2102.505514689307,17,0
91,4,3,0.0,9,0
54,4,2,10952.430828989312,7,0
22,5,3,5016.3135593511615,6,0
24,2,4,4061.7062091841253,11,0
52,1,3,5246.163952423356,9,0
38,2,3,7258.569331915716,12,0
87,4,2,2727.374524464371,16,0
25,1,1,2865.139972497445,6,1
101,1,3,3102.918988080741,11,0
70,1,4,7226.670021737893,18,0
14,2,2,11237.129153775088,8,0
105,2,3,0.0,18,0
87,4,4,5539.655473710548,17,0
95,1,3,3941.5754546831777,12,0
63,5,2,2051.579217947513,16,0
76,4,1,7205.204265623485,20,0
29,5,3,2523.553778915504,13,0
79,5,4,9002.706655490892,13,0
79,1,2,3057.7015412086844,11,0
40,3,1,7409.541057113247,5,0
90,2,1,6939.717087203738,10,0
54,4,3,4341.956174874468,11,0
54,2,3,2556.7716117848677,15,0
108,2,1,16291.122513168308,12,1
30,1,4,13528.029769875378,15,0
82,2,4,11691.304380471032,18,0
28,5,1,10020.302508856246,16,0
97,3,2,1505.6280988473359,7,0
42,1,2,0.0,10,0
115,1,3,4416.458886355227,13,0
104,4,2,2132.477201494025,11,0
54,5,2,5967.856360638205,8,0
42,3,1,3185.2694561402864,12,0
91,3,1,3753.84925008876,10,1
45,2,3,7024.760558289709,6,0
33,1,4,6576.707231576361,10,1
42,5,3,6001.910075623639,6,0
75,4,3,4736.5458994235905,15,0
80,5,3,4829.472694182286,11,0
57,2,3,9478.142757181016,7,0
46,1,2,5310.888174456526,7,0
93,5,1,5537.5246445840185,17,0
119,4,3,7429.201356208945,20,0
82,3,1,10199.265073267356,10,1
80,2,3,4164.091027420453,15,0
88,2,4,2642.594954198955,15,0
112,1,4,2305.878329295875,10,1
86,1,2,17212.482195963566,12,0
27,3,4,7167.179281177703,11,0
97,5,2,1796.3474021805991,11,0
111,4,3,4033.015334492391,14,0
110,3,1,13206.976357161231,10,0
93,3,1,6319.494597218556,16,0
38,2,1,8435.824964406525,17,0
63,3,4,10017.605560905187,10,0
35,3,4,3634.6497338254367,11,0
64,2,3,4147.85176785132,9,0
102,2,3,2201.8363294812543,17,0
104,4,4,2545.216202269293,7,0
40,4,1,9749.137097264425,23,0
23,1,3,14043.585685552092,16,0
27,5,2,1137.4244708888928,18,0
27,1,4,4838.893377168959,12,0
51,1,1,2063.477400744664,12,0
118,4,2,5931.647532816083,11,0
92,1,3,3140.580934887125,13,0
13,3,1,1252.4708439611886,15,0
64,3,1,8800.857978919497,7,0
81,1,4,7760.253867264284,16,0
53,3,1,3314.9149635658155,15,0
62,5,2,10979.191147533918,8,0
46,1,2,7914.091875835433,13,0
118,1,3,7471.231506748932,10,1
91,2,1,10333.657468752597,10,1
38,4,2,6376.9217726867255,8,0
85,2,1,4905.28989175913,15,0
84,5,1,7742.908849936581,11,0
77,5,1,7663.725598904113,11,0
92,4,1,3173.0717650383913,17,0
69,4,2,5862.132494475669,7,0
55,4,2,6933.566900234829,13,0
48,3,2,2095.681756966746,7,1
72,1,3,17576.12199409018,7,0
100,3,2,4984.902663766813,11,0
119,1,2,10199.228170007944,8,1
72,4,2,5851.147648051493,11,0
24,4,4,11004.222553778565,14,0
23,2,1,7646.692872810907,12,0
50,3,1,2232.3101053749856,16,1
117,2,2,3387.4969955544047,11,0
52,4,3,3876.5781607694453,6,0
22,3,2,10429.60935461739,22,0
41,3,3,0.0,12,0
69,1,3,5680.2244356248575,11,1
20,2,1,9275.0960571676,9,0
67,5,1,9626.876727314753,14,0
48,1,3,2872.63697108575,13,0
10,2,2,1597.8521607975567,11,1
87,1,4,10275.656177668396,10,0
35,1,4,6771.113946768011,7,1
47,3,2,3035.425383351536,12,0
115,2,1,6175.162121993274,11,0
17,2,3,0.0,12,0
90,4,1,4737.156932305742,6,0
113,1,4,6864.682007647267,9,0
88,1,1,6452.153064306561,18,0
75,4,1,0.0,6,0
57,3,1,3836.0785447797407,11,0
106,4,2,5718.497776470842,23,0
89,2,2,7722.227634334585,9,0
52,5,2,2966.692143058982,8,0
22,4,2,8421.37894390576,10,0
100,3,3,5362.105455609015,10,0
57,2,1,6340.268511492882,10,0
78,2,2,3847.298777335256,8,1
15,1,3,272.58762332827155,8,1
25,4,1,0.0,8,0
56,5,4,7348.203423857342,13,0
78,3,4,1768.6779056883324,11,0
24,3,2,3620.6841037132835,10,0
113,3,4,5228.223220169032,12,0
91,3,2,6314.614262201785,15,0
98,5,3,6453.677298183806,10,0
68,5,3,3202.293818370609,10,0
30,2,3,3932.1674301133,8,0
55,2,2,1245.4562028621676,17,0
18,1,2,1983.320107236802,12,0
47,5,4,9559.051230321862,12,0
13,1,3,2338.8946240103264,18,0
16,4,1,5024.469291410186,11,0
73,2,1,8615.147406748376,12,1
35,3,4,1985.560576960008,10,0
45,1,4,5979.831033164785,10,0
111,2,4,12448.477925675863,13,0
114,3,4,0.0,11,0
19,1,2,5982.822568255982,20,0
16,4,1,5079.655149214148,10,0
43,4,4,13070.88118828375,11,0
68,1,4,13571.127185459254,13,0
25,5,2,7161.223186136874,9,0
41,1,4,6062.310690700259,16,0
80,5,4,12067.362985009484,12,0
73,3,2,9117.074609834455,12,0
60,4,2,8977.475966864271,12,0
90,5,2,3637.7450659955775,15,0
73,2,3,4555.067086036924,10,0
62,1,4,6085.856549576403,7,0
55,1,3,0.0,9,1
41,4,1,2625.622638978348,11,0
48,4,1,7176.970590853061,15,0
29,4,3,434.67156836626145,12,0
59,2,1,0.0,12,0
72,3,3,75.32179937999899,10,0
119,1,4,6739.001714451237,9,0
107,3,2,2837.042874542803,19,0
35,1,2,9385.247125464317,23,0
10,3,1,3838.2961717404983,6,0
12,1,4,2367.01506521034,13,0
19,5,4,4432.54799755832,18,0
60,4,1,6461.531707369368,15,0
19,1,1,2073.753476785503,12,0
59,1,3,0.0,9,0
76,1,4,185.39289543321502,11,0
15,2,4,168.39652888710407,14,0
60,2,1,4337.326750422733,9,0
43,1,1,8701.033123130062,8,1
66,4,4,9446.103213953027,12,0
116,4,4,4788.738368288018,8,0
6,4,3,7039.389059967781,11,0
30,5,2,2827.1477756682466,12,0
33,5,3,7834.954172182148,16,0
31,3,4,7569.095508241064,10,0
51,2,2,12182.451441467272,11,1
8,4,3,2755.9980867463114,6,0
33,1,2,6432.876298285354,11,1
103,1,1,4867.438877960533,14,0
18,3,2,2807.7222102191386,9,0
16,4,1,5766.319123914505,15,0
62,3,4,3853.9204926450657,13,0
15,5,1,1087.8884880325013,12,0
60,1,4,0.0,10,0
45,5,3,6517.592685501887,12,0
98,5,1,0.0,14,0
103,5,2,6681.640883761196,15,0
16,1,1,4314.783970911489,13,0
76,3,3,10420.80643670412,17,0
47,1,3,1972.703990140541,4,0
98,2,2,11819.732966318013,16,0
108,5,4,5301.790817740573,14,0
71,3,3,6035.577505550749,12,0
20,5,3,8488.559086918553,8,0
44,1,2,7676.601814356112,11,1
30,4,2,7741.669685432673,9,0
60,4,4,4840.233760212699,14,0
109,5,3,5034.692872780466,19,0
25,5,2,3245.164405986953,11,0
35,3,3,8184.279480308458,15,0
108,4,2,7080.187318638558,7,0
26,1,1,2475.0994384985956,16,0
115,3,4,8467.015916024026,12,0
65,4,3,1365.5990430583197,9,0
89,3,2,7845.530728227925,16,0
31,5,3,2037.603397797071,11,0
111,4,4,3257.4996957410367,10,0
46,5,3,3440.9400460225347,15,0
118,5,2,5562.713016387688,15,0
48,2,1,7866.839931769022,13,0
95,2,4,0.0,13,0
76,5,4,0.0,18,0
58,2,2,6077.058598961754,12,0
116,2,1,6136.6037200436485,8,0
44,1,2,4625.714430923502,10,0
109,4,3,802.0423052356091,12,0
107,2,4,4545.089015644228,14,0
110,5,2,0.0,8,0
82,5,3,8480.774335111291,16,0
8,1,4,11999.263688040244,14,0
114,1,4,5180.832981600979,10,0
112,2,4,9951.1452944878,12,0
77,3,3,7235.850979612878,15,0
70,2,3,7679.989418653464,8,0
32,1,2,454.0430386814087,18,0
46,5,1,7011.373761019656,14,0
53,2,2,5597.503632114565,8,0
6,3,2,2503.6192633053815,10,0
96,2,1,0.0,12,0
17,5,3,9945.775276917404,11,0
35,5,3,4672.909206668369,10,0
88,2,2,7934.822961237163,14,0
74,5,3,3253.1956148345976,10,0
86,5,4,0.0,12,0
111,4,3,4224.633907814012,15,0
75,2,3,4890.363057152051,15,0
83,2,2,10059.665430886904,19,0
93,5,2,908.643371878697,12,0
57,1,1,1581.6399352879994,8,0
54,3,3,4236.083377762606,19,0
75,5,1,7509.367988393118,20,0
68,4,3,490.4755303287993,10,0
58,4,2,7388.678016994729,16,0
77,5,1,7557.473023963197,9,0
105,5,4,0.0,21,0
49,2,2,7885.983432009127,17,0
56,4,1,3089.5178253658482,6,0
70,4,2,12887.910752053964,8,0
34,2,4,3939.9926157661375,8,0
109,1,3,3923.7168647345834,16,0
77,5,2,3523.5549553221535,10,0
90,5,2,6402.782262704145,16,0
34,5,1,6295.649449887245,15,0
75,5,2,7964.864610806384,9,0
58,2,1,7830.231004176565,8,0
17,3,4,6997.368538417242,8,0
56,4,1,4511.59132744571,10,0
17,4,4,13193.08401979236,12,0
22,5,4,8846.167577068067,21,0
30,3,1,3412.0435679661323,12,0
65,5,4,1631.07219906837,12,0
36,1,2,13600.619802365809,12,0
88,5,2,8451.574523430725,6,0
90,5,1,4945.0487679202715,13,0
117,2,3,0.0,13,0
113,1,1,0.0,9,0
55,1,3,2035.7639192862807,11,0
16,3,3,4037.494909137792,15,0
16,1,1,1132.8865462897988,13,0
113,1,3,6558.995007797694,16,0
107,2,2,5449.400951318964,6,0
88,1,2,1724.5801555977391,17,0
74,5,3,3922.214849209963,19,0
23,4,2,5165.869458519272,12,0
8,1,2,12100.53163249958,9,0
106,3,1,2291.390259970111,9,0
35,4,3,12522.157931589638,6,0
109,1,1,1515.7003993909875,10,0
100,1,1,586.0920612466916,11,1
28,5,1,3946.386139157383,12,0
18,5,4,4437.334444552215,14,0
15,4,4,0.0,13,0
13,1,4,7204.99204512868,13,1
83,5,2,4762.166778288291,17,0
15,4,3,4455.62851181358,11,0
61,2,1,9844.731857385457,8,0
71,1,2,9402.80738835632,7,1
50,3,2,3646.4206204855673,16,0
105,1,3,14002.848432571596,14,1
117,1,4,7922.570887262262,13,0
67,2,4,3842.7428933178903,12,0
97,5,2,4939.824457055644,5,0
23,1,2,3648.640627416316,16,0
76,3,1,5510.280566566647,9,0
72,2,2,5937.310547096128,12,0
40,2,3,7325.920830750898,10,0
99,4,3,3460.243779649983,10,0
63,2,4,6362.83601677679,11,0
109,2,1,8357.685703434296,14,0
36,3,3,3473.796309381166,8,0
30,3,4,4866.403122727406,12,0
55,4,1,11422.67739789786,10,0
90,1,4,7183.555006426516,17,0
16,3,3,7673.802259847154,11,0
19,1,4,12411.35813816051,10,0
21,1,1,8377.631407589535,7,1
56,5,1,2740.4994597236,5,0
53,2,2,0.0,12,0
105,2,3,1605.0524761702036,15,0
82,3,4,15.472831293055606,17,0
14,5,2,400.03833952804416,5,0
7,4,1,7914.248113392643,8,0
89,1,1,8169.490971346342,19,0
89,4,2,8050.283401493728,10,0
24,3,4,863.772880228651,11,0
107,5,4,6879.454109581576,10,0
31,3,3,5898.52428033716,19,0
81,1,4,12448.698487733198,12,0
67,4,3,2047.9920118954788,17,0
80,4,2,0.0,11,0
116,4,3,1317.6316671579689,11,0
71,2,1,7160.514454886632,14,1
97,1,4,2934.3406532257777,13,0
86,2,2,1314.8014018967506,3,0
20,4,1,2769.784530943518,15,0
68,5,2,4272.621442827979,16,0
68,3,2,7411.93994198144,15,0
85,3,2,4014.3968332352806,12,0
103,2,1,0.0,14,0
65,4,4,5208.0801345420905,18,0
97,5,1,5162.182117779315,7,0
25,2,1,2454.7568771693113,15,0
119,4,3,5583.313861599209,8,0
76,1,4,5019.568127509118,10,0
103,5,3,3141.6234646947933,8,0
87,5,3,5443.537024196423,15,0
82,4,1,1784.30343171094,19,0
87,3,1,0.0,13,0
87,4,3,978.3139414104385,11,0
76,5,4,7162.181257888893,10,0
110,4,1,5283.551241281754,14,0
84,2,4,12787.77465173179,9,0
26,2,2,3821.043721224527,9,0
8,1,4,6063.30121006129,14,0
98,5,4,4004.6574877849166,15,0
7,4,4,6399.924141147496,12,0
59,2,3,4047.641757749874,19,0
73,5,2,6756.050429972366,13,0
104,4,3,4425.776955856293,21,0
74,2,2,7944.072100233403,21,0
88,4,1,1622.3423023784449,14,0
48,1,3,9116.517158430554,9,1
92,4,3,0.0,14,0
110,1,4,7426.567558130315,12,0
102,2,3,4697.875848525009,12,0
104,5,4,2734.8403371773848,8,0
98,2,4,3840.537469532696,12,0
116,5,2,10745.141727706774,14,0
78,3,2,5919.316056120003,11,0
106,2,2,8113.028705351058,13,0
76,1,4,4685.788981536135,19,0
74,4,2,3202.9143225961598,12,0
114,5,4,3694.2703749094135,15,0
79,3,3,9856.272890868806,12,0
104,4,2,6305.9874765541335,13,0
95,2,3,8175.560266677739,12,0
41,5,4,9486.945332081796,15,0
59,5,1,5891.745214563647,14,0
62,5,4,0.0,16,0
118,2,3,3531.798663662495,15,0
101,3,1,7125.211415892016,9,0
34,3,2,917.6136179487216,16,0
100,4,4,5402.652996822128,9,0
39,3,1,4982.112114737666,13,1
103,2,2,273.3109409441131,11,0
39,3,1,0.0,7,0
24,2,1,5853.445053953304,7,0
114,1,1,1324.6671705215526,13,0
19,2,2,4015.207505170032,13,0
92,5,3,6427.243221697459,8,0
46,4,2,4844.432847142105,6,0
38,2,2,5402.523067695675,17,0
88,3,1,8242.740530556888,13,0
102,1,1,7649.784578719845,5,1
84,2,2,1598.10301361544,17,0
26,3,3,10853.135947589755,9,0
112,5,3,0.0,6,0
62,5,2,3541.455918412357,10,0
41,2,1,9857.641373373403,12,1
112,4,4,5272.784014467265,16,0
53,2,3,10834.507147643719,13,0
97,2,4,11265.022607123396,18,0
45,4,2,5318.012776361491,14,0
55,3,2,1876.1214351482872,9,0
38,3,2,0.0,16,0
6,3,4,4840.910120311058,14,0
89,3,4,3434.3083829243287,9,0
19,4,3,8704.587465916522,19,0
72,1,1,0.0,16,0
25,4,1,4789.695675868561,15,0
18,3,2,4225.541217908763,11,0
41,3,3,8231.566033857041,15,0
103,5,4,0.0,10,0
66,3,4,1450.8066983424537,7,0
82,4,3,5240.756406317487,12,0
87,5,1,0.0,15,0
31,5,4,4380.886180859149,13,0
7,4,1,5270.546398951061,20,0
83,3,2,0.0,9,0
43,4,1,3433.6057554199724,7,0
13,3,1,8642.081771236566,17,0
36,1,3,2063.428878537901,13,0
56,4,2,3136.705957017363,15,0
79,2,3,9395.35580934996,18,0
17,2,4,6149.6695859688425,7,0
22,4,4,3419.078124215899,11,0
25,4,3,0.0,16,0
61,4,1,0.0,15,0
30,5,4,3204.3121991401476,18,0
43,3,1,9566.609754880492,7,0
95,4,2,7958.663698752422,11,0
84,5,4,0.0,17,0
41,3,4,2070.5345739701515,15,0
14,4,2,6828.32708403633,13,0
74,4,3,1472.3717306364988,8,0
12,4,1,8754.184839405232,14,0
21,4,2,9828.466527452842,10,0
10,2,4,3756.8073305393445,11,0
99,5,4,4898.479584548163,17,0
91,1,2,5641.3288741955785,15,1
66,5,2,763.7916783431356,18,0
57,4,2,10683.547600050313,8,0
119,1,1,4668.404354672735,9,0
65,1,2,7334.582451291148,15,0
118,5,1,4693.812709182066,15,0
43,4,4,10192.318091318859,13,0
22,2,4,1816.911123486802,8,0
114,5,2,7143.813427391824,9,0
45,1,1,2031.8419705389488,14,0
12,4,2,2101.9792116470485,1,0
29,4,4,0.0,15,0
83,2,2,3583.423677864586,14,0
72,5,4,5530.914828689185,10,0
74,5,4,1357.3473515147452,16,0
35,1,3,11546.303888627663,12,0
41,4,2,6920.501593517771,12,0
75,1,2,0.0,9,0
34,3,4,11581.522901276196,14,0
82,3,4,5253.024289991354,14,0
13,2,4,8967.888277343813,9,0
82,2,2,3641.296752013227,12,0
12,4,3,912.4618216586928,11,0
67,1,2,639.6687318289005,15,0
18,2,2,5138.513482962129,18,0
23,1,2,4716.048756275972,9,0
83,1,3,2374.957598364486,10,0
29,1,4,6576.242895889707,12,0
7,1,1,6685.950906777929,6,1
55,4,3,1742.4251103189845,11,0
84,1,2,12697.627475784833,10,0
17,3,3,4351.363707331464,11,0
25,1,4,1563.531139010352,9,0
19,4,1,8267.417299276629,10,0
28,5,4,6418.965245395091,15,0
23,4,1,2009.9727664532425,11,0
41,4,1,1396.5664616620425,16,0
117,4,1,11049.425795032163,9,0
55,4,3,7692.386653550158,13,0
37,3,2,0.0,16,0
27,3,4,8722.621697842982,9,0
36,4,3,4500.162076975108,9,0
63,3,4,7267.566468219617,10,0
73,3,4,0.0,14,0
39,1,1,393.2578732343445,13,1
79,5,4,5924.315797239346,9,0
55,5,2,0.0,9,0
64,1,4,7902.918510861999,14,0
41,2,1,920.9546422803828,13,0
10,2,3,3760.5476163028384,9,1
100,4,3,3022.470117910314,12,0
49,3,2,7532.587978895617,15,0
87,4,4,10156.9403933952,14,0
101,2,3,0.0,6,0
16,5,1,10533.94150947892,20,0
43,5,1,8470.22420191872,11,0
46,2,2,7443.831647959547,11,0
70,3,4,4029.7882720583484,14,0
6,5,3,5927.593438276405,9,0
56,3,4,8736.696257464058,7,0
18,2,1,974.9813498321228,11,0
7,4,4,3000.2151219254283,19,0
93,1,1,4481.313749249401,14,0
67,2,4,5083.922638768468,11,0
19,5,2,3589.067659187671,11,0
81,3,2,9780.628145876522,10,0
49,3,4,7558.741875458603,12,0
55,1,4,0.0,21,0
49,3,1,7109.911460294166,11,0
76,1,2,0.0,15,0
26,2,3,7881.894405831474,11,0
37,3,3,5366.50944800588,7,0
37,2,4,10562.438548872204,8,0
69,1,4,2487.2947646954235,16,0
17,2,4,293.48750775012013,13,0
117,1,4,8018.24130479441,20,0
104,2,1,5173.7356597299695,10,0
114,4,3,5356.769446980491,8,0
64,4,4,5734.844824195124,13,0
70,2,1,0.0,14,0
50,5,2,0.0,14,0
99,5,2,6925.463951356618,12,0
33,1,3,5848.265662184519,11,0
19,5,3,5531.911105205135,15,0
33,5,3,4288.845269792174,6,0
14,5,3,3777.064298265708,10,0
19,4,2,0.0,12,0
7,3,1,113.76636525950198,6,0
10,4,2,4641.2516532910995,14,0
64,1,1,0.0,15,0
16,3,3,8595.861826612037,11,0
105,1,1,10013.459396837916,13,0
10,1,2,8861.40805467172,19,0
7,5,2,9146.296371579465,15,0
101,2,3,4332.749662779934,11,0
79,2,4,8162.82906755019,10,0
57,1,3,7726.831816057171,12,1
107,3,1,5949.028976718612,17,0
34,3,3,1966.439384896013,9,0
49,3,3,1820.7122653568445,12,0
74,4,2,4491.021156507421,16,0
58,2,1,0.0,8,0
115,2,4,507.9615901641291,11,0
18,5,2,9601.416339938347,6,0
27,4,4,486.4187137008885,6,0
6,5,1,0.0,11,0
25,3,2,4318.201525269281,14,0
60,4,1,2390.698560499568,10,0
15,4,4,0.0,11,0
119,1,4,7812.049128050656,9,0
101,5,1,2782.437189533515,11,0
119,2,4,3776.6426704629152,19,0
50,5,3,7375.283758516369,13,0
35,1,4,10595.746737760723,9,0
71,1,2,1689.2753465216538,11,1
118,4,2,12162.878346238584,9,1
66,5,1,4507.683933424762,4,0
101,1,3,5342.705840170467,7,0
80,5,3,2178.8377296094527,11,0
82,5,1,0.0,11,0
96,2,4,2188.2040486639607,11,0
60,2,3,3664.244926830728,9,1
74,5,2,5894.018553475034,10,0
111,3,2,11974.57769052271,15,0
28,3,4,4934.537016847614,14,0
76,4,1,1587.5963077010279,9,0
55,1,1,5801.561924684812,13,1
20,1,2,0.0,19,0
108,4,2,10394.568752233146,13,0
23,5,1,1954.603158368996,15,0
84,3,2,6394.410209534691,13,0
70,2,4,7918.414896314311,15,0
106,1,4,0.0,11,0
72,2,1,3874.773092565413,14,0
51,3,2,5128.8306198772325,16,0
39,4,1,3381.7665086418247,15,0
32,5,3,10060.09624432445,16,0
100,4,2,5677.257673617806,15,0
16,1,1,0.0,11,0
35,1,2,52.74065547221926,8,0
10,3,1,8900.975072246734,12,0
58,4,1,7209.034994962904,11,0
16,3,3,5187.2627450067175,10,0
119,5,1,2826.3755105668542,20,0
84,2,2,3958.271984152469,12,0
27,1,3,0.0,15,0
84,3,1,10614.16419959046,12,0
9,2,1,4221.886613766434,11,0
88,5,4,0.0,8,0
34,5,1,3279.109063381272,11,0
113,5,2,0.0,13,0
60,4,2,12430.393543418017,16,0
20,3,1,2092.738989362314,13,0
46,2,4,9721.944441267653,11,0
93,3,1,873.9521816529314,14,0
14,4,4,5112.618651739462,14,0
104,2,2,5004.53680623068,10,0
119,3,1,7520.65369714615,9,1
36,2,2,8790.211564618287,18,0
54,3,2,6905.392311767299,11,0
97,5,2,0.0,9,0
13,2,4,8533.208632125741,13,0
84,2,1,3435.7625668589817,12,0
101,2,3,5118.482843918972,15,0
55,2,2,13572.294359530122,8,1
101,5,3,3419.075848177058,12,0
111,2,2,3989.149855064405,12,0
13,4,3,4699.0469666694225,10,0
58,4,2,2726.379792475986,6,0
56,4,4,5213.734768369388,8,0
19,1,1,3245.9866269756067,20,0
111,1,1,193.74342789041293,14,0
21,3,2,11620.84586413476,6,0
64,2,3,0.0,11,0
98,4,3,3236.820685113757,10,0
33,2,4,5693.754466536781,13,0
54,5,3,9634.25158517967,9,0
52,3,4,5619.836116717899,14,0
36,1,4,0.0,12,0
59,3,1,4161.71065281193,11,0
79,3,2,7284.419026537467,13,0
28,3,2,14230.102036320723,10,0
58,3,1,6860.454411366341,17,0
77,4,1,1689.0613122566597,16,0
27,5,3,3552.19661904306,15,0
70,1,1,8561.383619972923,11,0
50,5,4,5944.664844926018,12,0
46,2,1,8648.003215894762,16,1
68,1,3,3313.0595566668417,8,0
91,1,2,7522.841593509054,15,0
12,5,4,3289.315952825164,9,0
71,4,3,10248.224353908883,12,0
30,3,4,7005.038830006047,20,0
55,3,3,13754.19732969197,14,0
100,2,3,1075.6011807257878,12,0
100,4,3,1043.4308567058006,13,0
112,1,1,5015.466726718284,11,1
108,2,1,7796.341742166968,20,1
107,2,4,2757.129233196817,13,0
91,3,2,6216.2848216514185,11,0
107,2,1,1941.7702665116794,15,0
56,4,2,10276.559867475018,14,0
33,5,3,8050.929240494959,14,0
43,2,4,1214.193236229395,8,0
70,5,3,7740.235436069186,9,0
26,1,3,0.0,12,1
84,3,1,359.27420194849856,6,0
43,4,1,1504.4257854855564,10,0
37,4,1,920.8476265986728,8,0
61,3,3,6489.635150533859,13,0
15,5,2,4777.678933333405,8,0
19,3,1,3761.226229725655,12,0
19,2,4,0.0,16,0
100,4,2,4710.607047210575,11,0
57,3,2,5487.237619003685,13,0
19,2,3,5039.093432750478,9,0
107,4,4,3391.6590807358907,16,0
20,5,3,0.0,19,0
75,1,1,2524.824395212007,16,0
85,4,1,4653.947549379345,9,0
106,2,4,2711.179839633557,11,0
8,5,1,4268.225378532068,11,0
113,4,4,0.0,9,0
20,5,3,3644.738822070585,17,0
69,3,4,3397.5812247577514,9,0
31,5,2,4959.59519841196,5,0
77,3,2,5315.79441724769,10,0
57,5,2,10969.498333349771,8,0
70,3,1,8942.477555459103,10,0
67,5,2,0.0,10,0
33,4,4,1383.6266742262974,11,0
44,3,2,2938.66704477658,13,0
74,3,1,841.9325080806238,12,0
106,4,2,0.0,17,0
48,4,2,2608.7993012781317,4,0
82,2,1,4534.295071511768,9,1
38,3,4,4673.901440143497,10,0
93,4,4,4201.330000564706,13,0
18,5,3,10308.073410509314,15,0
79,2,2,5473.013247942151,11,0
88,4,2,7937.144402151642,11,0
74,3,1,5898.139990372691,15,0
14,5,4,1277.8133266555615,9,0
89,4,3,0.0,11,0
52,3,4,2117.1121820591775,10,0
35,5,3,6461.027267950943,11,0
26,1,2,8237.73466809106,11,0
33,5,3,9568.106560189499,17,0
26,3,4,5450.78399394755,22,0
13,2,3,12595.99036780337,18,0
40,1,1,3793.371167328291,6,0
67,4,1,10356.234514907188,9,0
68,4,4,4880.365131506682,11,0
87,3,1,9233.129981518934,14,0
86,5,4,10042.394696206673,9,0
98,1,1,8203.420857053545,12,1
119,3,1,4047.2636983237285,14,0
84,3,3,7398.906615732605,8,0
8,4,1,10989.476189422017,12,0
98,2,2,6488.674776755857,9,0
30,3,1,8898.132340887292,11,0
81,5,3,7946.88361794063,9,0
45,3,1,7962.795881243613,9,1
53,1,3,8097.210210544918,8,0
80,1,2,1123.935695568759,17,0
15,2,3,83.88244148437752,11,0
59,2,2,9066.05319518023,14,0
118,4,1,0.0,13,0
82,5,1,0.0,13,0
66,1,2,13239.042319343516,17,0
61,1,2,1641.6465719394223,16,0
84,3,1,7056.331159948797,12,0
12,3,4,8699.718211165371,10,0
43,3,1,6689.950766026464,12,0
87,1,3,8704.47621714463,14,0
95,5,3,5706.832125656203,13,0
34,3,2,2295.249195209501,13,0
41,5,4,3520.540427110627,7,0
40,4,3,761.9738505678306,10,0
95,5,1,0.0,15,0
90,2,1,3266.415499420683,16,0
50,5,4,5336.042350495398,8,0
42,3,1,8434.828063082881,11,1
59,4,1,4445.069180352324,12,1
51,1,4,2310.5744273268515,17,0
34,4,1,6788.808670003158,10,0
63,4,3,4059.008711728158,8,0
11,3,4,2785.9451536649685,7,0
51,3,1,10367.215083946996,13,0
63,4,4,6447.496238331203,11,0
76,4,2,0.0,11,0
35,3,2,9540.975147600724,11,0
64,5,3,6849.486607064388,10,0
111,1,3,7831.19245750759,5,0
107,4,4,5161.447544795026,14,0
36,4,1,0.0,8,0
57,5,2,10578.595111333809,17,0
63,4,4,74.48058239231977,11,0
31,2,1,4674.626619634092,14,0
42,3,1,428.0184774769905,11,0
111,2,3,10945.314903362638,6,0
53,5,2,3371.716351810657,6,0
118,2,3,11372.752996663687,13,1
98,4,1,6204.4722335276365,9,0
32,3,4,10742.419807583437,16,0
8,3,2,3725.4177427239865,13,0
10,5,4,0.0,14,0
32,1,4,3266.7367177911,11,0
60,2,4,13012.54819727749,10,0
36,2,4,8048.9472578418845,16,1
28,5,4,12735.850751567352,15,0
19,3,2,8905.463408440173,14,0
49,1,4,0.0,5,0
50,5,3,8301.071814115741,9,0
91,5,2,10110.269871153987,10,0
74,4,3,2257.7172209229007,9,0
7,1,3,6937.344868771404,4,0
63,4,3,5105.265144866866,12,0
17,4,1,0.0,12,0
50,4,3,3084.5502088739822,9,0
113,1,4,5308.898940211475,13,0
59,5,2,6348.542924509628,18,0
115,2,1,4780.008533008337,12,0
26,5,1,7776.501512241206,9,0
30,3,4,2586.9538789307594,8,0
23,1,1,6571.934431195433,9,0
29,3,4,12332.2734227289,16,0
70,5,3,8046.860467150462,18,0
23,2,2,0.0,17,0
62,1,1,8069.520772515714,11,1
43,3,4,2488.1493736971347,11,0
81,1,1,8814.897433004537,10,1
97,3,2,11701.791589946108,11,0
49,4,4,3855.993959725409,9,0
101,1,2,7409.62517354646,14,0
86,1,4,4170.791593141894,14,0
15,3,1,16410.498160050774,16,0
70,5,2,15856.026173041872,11,0
57,5,4,129.30814259643557,10,0
13,2,4,5569.703015489336,18,0
21,3,4,9160.22047210237,10,0
19,1,4,8321.474020362682,11,0
34,5,3,1836.2785523381808,13,0
58,3,4,3722.694581459922,15,0
30,4,2,2865.7673746384003,5,0
77,5,2,5428.41400602994,15,0
79,1,3,4505.99216622927,10,1
46,5,3,7236.349897024904,10,0
54,5,3,0.0,11,0
55,5,3,2639.3752298863806,9,0
63,5,3,10164.831001420811,9,0
102,3,3,12210.24741555033,11,0
37,4,1,6260.976455860479,15,0
28,1,4,6836.243982716882,13,0
35,4,4,4453.232084496734,18,0
11,5,1,5446.497263275568,15,0
54,1,2,1173.6204950346923,13,0
99,4,2,7367.477226754354,14,0
17,3,4,46.37760005378641,10,0
61,1,1,3475.6841277832914,17,0
20,4,3,8548.551245524786,11,0
22,1,1,4802.98313659216,17,0
18,3,4,3028.217929899684,16,0
16,4,2,7545.221663291108,11,0
96,3,2,7446.691514996461,11,0
38,3,4,9105.016964552757,10,0
7,1,2,3624.338969983188,16,0
95,4,4,4041.9059280374013,16,0
7,1,1,1216.3705647554048,17,0
28,4,3,3295.4753246848622,15,0
78,4,2,6381.981711912998,11,0
50,1,1,2004.817261596511,15,0
84,4,1,4510.424144745353,13,0
64,4,2,9331.024479755608,16,0
48,4,2,0.0,12,0
108,1,2,974.56687283366,12,0
32,5,4,5476.925209067393,11,0
113,3,4,7813.079838698657,8,0
101,3,2,8269.21136060071,5,0
80,3,2,9186.324949779762,12,0
17,2,2,2444.316974378188,11,0
38,2,3,0.0,14,0
90,3,3,8497.43218180492,11,0
27,5,1,5253.6593904791725,16,0
109,4,4,3577.10959548313,17,0
29,2,4,6096.59374536316,7,0
51,5,2,8732.657405055057,20,0
28,4,4,7546.396908977599,9,0
12,2,1,278.2968428989534,15,0
25,2,2,11499.432670880458,10,0
47,2,2,0.0,12,0
68,3,3,4452.9948103163115,7,0
116,5,1,2474.050268379821,9,0
27,4,1,3842.978579279087,4,0
45,1,4,657.8612978552765,11,0
106,5,3,5978.487465118081,17,0
85,5,2,6149.725657273904,8,0
112,1,2,6990.444905935048,9,1
105,1,3,9141.11344116525,14,0
106,4,4,1315.8079332481284,12,0
51,4,1,0.0,11,0
39,4,1,14605.261509123136,15,0
76,5,2,9952.316064292638,11,0
32,5,3,5734.7152090046175,10,0
26,5,3,7215.372004149678,20,0
52,2,2,4803.7804161304075,12,0
66,1,2,169.7902330331999,12,1
108,2,2,4747.298592328673,19,0
26,4,2,3147.546837860965,12,0
50,1,3,3371.4034343729854,6,1
48,5,3,7813.169032240314,11,0
74,1,1,9177.535972611373,13,0
115,2,4,7615.585457649591,12,0
59,2,2,0.0,10,0
31,3,4,5272.798907456511,14,0
81,2,1,3481.978564890608,11,0
32,2,3,1759.690174531666,13,0
30,4,2,9159.765766636512,11,0
103,2,2,0.0,13,0
12,3,2,0.0,12,0
92,1,2,11492.803919490405,15,1
94,4,1,6360.691353102959,13,0
23,5,2,7663.735133829243,13,0
7,5,1,6762.114444322064,11,0
45,3,4,4432.836646391703,9,0
22,4,1,9401.449900284664,7,0
67,3,2,5572.625418769904,13,0
56,4,4,0.0,15,0
35,2,2,4485.416283806451,7,0
8,4,3,6490.904766706031,14,0
83,5,3,7906.300585792473,7,0
58,4,1,2854.6648182394088,3,0
57,5,1,5369.070942062741,18,0
20,4,1,5259.8193454512675,14,0
50,5,4,6387.672151323617,13,0
72,5,4,3189.7645672521194,16,0
49,4,2,5616.828344585,8,0
29,5,3,3046.705974753271,7,0
21,5,1,9255.152257248817,9,0
110,4,4,6966.951090318853,14,0
14,2,2,3037.9307380059226,16,0
45,2,2,4711.361324308341,9,0
26,3,2,6337.004220538097,6,0
14,4,2,9065.48740217611,13,0
53,4,3,9442.59621931249,14,0
78,3,3,12265.712213985142,11,0
29,5,4,5960.359162349094,11,0
99,3,1,6146.364917840216,15,0
32,2,2,5546.920675962512,8,0
48,5,3,10483.39720766381,7,0
27,1,4,6239.6635960916265,14,0
96,3,3,9712.522521478306,14,0
34,4,1,144.9676899459073,15,0
119,3,3,5852.150589273276,9,0
11,2,4,12919.048391881883,14,0
104,3,2,5550.8963224697545,7,0
71,1,2,6765.992442134531,14,1
93,3,2,3252.846478179438,9,0
68,5,3,2951.393822774799,7,0
83,2,2,11284.280025813041,7,0
80,5,3,0.0,18,0
57,4,3,2738.36377095242,16,0
69,4,3,6304.011692259111,11,0
20,2,2,1884.2437725115547,9,0
47,3,2,7243.672515373676,10,0
89,3,1,12184.622510356758,12,0
92,3,3,2426.8889237794365,10,0
9,4,4,6853.785579266563,9,0
105,4,3,2510.9138674706287,19,0
53,1,1,8701.357090129388,10,0
89,4,2,0.0,10,0
64,1,2,8284.091928398404,13,0
18,1,2,866.8465618869768,9,1
78,1,2,16321.468759593296,12,1
102,3,1,0.0,8,0
113,5,1,6254.850407088611,17,0
20,1,1,4785.0463639122445,10,0
62,2,4,3641.3094560938916,13,0
67,4,2,2191.023527303709,14,0
46,3,4,6184.101589200753,16,0
21,4,2,5590.334962373607,11,0
72,3,3,6607.386325409681,10,0
87,1,1,10325.679554579932,9,0
71,4,1,3700.07037140095,12,0
13,5,4,12555.690743644556,14,0
46,4,2,0.0,16,0
96,1,1,4232.801299103179,11,0
27,1,3,8234.124474684777,13,1
37,1,3,1954.0520565105503,6,0
50,3,3,5476.596825239802,12,0
107,1,1,8.798649753134669,13,1
98,4,4,11995.58708920288,11,0
103,2,3,1437.6705618088577,11,0
73,1,3,0.0,11,0
107,3,2,2413.594534990719,11,0
80,1,4,3568.294535589309,11,0
13,3,3,6018.885946165411,15,0
98,2,4,409.67364853174513,12,0
15,1,3,5333.586563503267,17,0
50,4,1,6837.562324646152,11,0
96,1,2,983.6486887906135,18,0
74,3,2,12589.15897951625,11,0
72,5,2,0.0,9,0
83,4,2,6646.00325962691,16,0
81,5,2,6664.295307421413,12,0
112,4,2,11803.054448953746,13,0
27,5,4,0.0,12,0
48,3,1,8832.87790502881,9,0
118,4,1,5361.876268947861,16,0
105,5,3,16604.12700904865,10,0
117,4,2,2770.1251111819356,16,0
88,3,4,2166.645879858642,18,0
77,5,2,4762.1735376149745,18,0
85,5,2,13460.792118748584,18,0
86,4,3,9401.639282799446,5,0
10,2,4,10756.420088747207,15,0
86,5,1,13910.550110743565,12,0
44,4,1,4923.406625265759,16,0
79,1,4,7315.345187129555,15,0
119,4,1,4216.990591872776,15,0
53,1,3,0.0,10,1
38,1,4,4710.950643501127,9,1
92,5,1,8537.919895710795,15,0
106,2,1,10246.33439258839,14,0
10,3,1,0.0,11,0
63,3,1,9267.050339907633,14,0
86,1,4,0.0,13,0
75,2,4,4204.757863430954,11,0
92,1,2,1945.3028005918022,11,0
24,1,2,1332.9529086709845,15,0
93,1,3,8062.4349469587905,3,1
108,1,3,537.3851079097312,15,0
37,3,2,3034.759513172018,9,0
26,3,2,4381.978712733063,18,0
64,4,2,0.0,12,0
78,3,3,6647.214463067284,10,0
61,4,1,8150.422394505122,13,0
93,4,1,0.0,12,0
13,3,1,2996.5066576794616,11,0
104,3,3,6243.5118505597275,11,0
85,5,3,10085.457729523947,13,0
43,4,4,4851.852876149103,18,0
109,5,2,6450.6275877231965,16,0
80,4,2,10067.44612059707,13,0
35,1,1,7866.49008391707,4,1
70,3,1,1654.6135982462556,13,1
110,2,4,9421.509123379963,11,0
51,5,2,8937.337130487991,11,0
105,2,3,7442.376630450877,12,0
22,4,3,7897.437412282877,13,0
50,1,2,3070.608350179381,12,0
20,3,1,4191.855718987473,13,0
95,2,1,0.0,7,0
57,3,3,606.1784328823687,14,0
19,1,2,12255.161373810864,9,0
98,4,2,6863.94558985425,15,0
99,4,1,4891.718188574408,8,0
119,5,3,1375.43184721031,12,0
90,4,4,3858.6547751923317,12,0
108,3,4,994.7609419081109,13,0
92,1,4,2541.9377730644055,9,1
61,3,3,0.0,14,0
116,4,1,4399.284716182032,17,0
14,1,1,533.7543862509228,14,0
56,2,3,4855.005846460768,10,0
56,2,4,0.0,13,0
23,4,2,7921.486358370157,7,0
119,1,4,825.2911474202692,15,0
11,4,2,0.0,15,0
31,1,1,742.3456360349828,12,1
76,5,4,0.0,16,0
111,3,4,5870.287606830505,8,0
37,5,3,0.0,13,0
72,2,4,6014.695339830421,4,0
7,5,1,8219.456308978715,11,0
49,1,1,3683.0688397553204,10,0
51,3,4,2237.5441395877215,12,0
84,1,4,10318.844425691868,14,0
70,1,1,1018.5135003676123,15,0
41,2,4,2732.4914811055805,10,0
64,5,1,9318.743338808505,9,0
98,1,2,2193.097478634516,14,0
95,3,2,9112.247756349016,21,0
114,4,4,3895.0101081681287,12,0
23,4,4,7258.839766286754,10,0
23,2,3,8399.548720707848,8,0
30,5,3,4019.017350604923,14,0
32,5,2,4622.264994384163,7,0
42,3,2,2071.8899216306513,26,0
117,1,1,7953.643292077675,10,0
66,1,4,2822.1803740940786,6,0
88,1,2,3053.3151823919025,9,0
115,1,3,0.0,11,0
90,1,4,4961.522367925312,12,0
89,3,4,631.7920850568571,11,0
74,2,4,2977.084427371611,16,0
95,3,1,7972.63170746457,15,0
119,2,4,4084.3868175738835,12,0
38,1,2,0.0,12,0
8,1,3,4362.4814955441425,12,0
43,4,2,5949.974049151007,13,0
40,1,3,5504.373514434382,13,0
105,1,2,939.4947873982105,8,0
47,5,3,473.4619394393412,13,0
102,5,3,11053.860593798181,15,0
118,3,4,0.0,12,0
113,1,3,3473.849439800674,7,0
45,3,3,471.1703690845279,11,0
105,2,1,9474.60987405383,8,0
104,5,1,4284.4813426021,6,0
42,5,3,1082.909542845322,7,0
76,1,3,7916.638042370297,13,0
19,3,3,0.0,15,0
96,2,4,0.0,13,0
64,1,4,5240.640462537571,12,0
12,2,4,6121.005609218826,11,0
79,3,3,7382.424095607211,12,0
110,2,2,0.0,15,0
113,1,3,0.0,10,1
48,3,1,9449.257067603765,15,0
51,3,2,6848.551232647668,18,0
83,3,2,0.0,9,0
61,1,3,7131.488096927755,16,1
23,4,4,6543.519407868349,13,0
84,3,4,4656.383487371581,7,0
30,5,4,10643.634269154947,5,0
91,3,1,0.0,16,0
119,4,4,5602.225615731449,9,0
78,5,3,6673.340888820725,9,0
116,2,4,4923.169058677028,11,0
17,5,4,6842.86987465921,11,0
93,3,3,5712.487338174514,15,0
71,3,2,3247.6510392233886,11,0
40,1,1,4679.8864094951,17,0
43,2,4,0.0,8,0
57,3,1,4072.582453718637,13,0
100,5,4,0.0,7,0
79,5,3,6521.403776832527,11,0
83,2,4,5369.451585430328,20,0
63,3,1,6065.789041726082,7,0
108,3,3,4200.433960313763,10,0
58,3,4,6485.936885254254,21,0
61,1,1,9560.110744762991,13,1
101,2,1,5706.913476865482,15,0
98,3,2,5772.279461283803,15,0
19,2,1,0.0,12,0
88,4,2,16883.51777398668,11,1
17,4,2,3709.617645777167,20,0
87,5,3,6934.1679347118325,12,0
114,4,3,7659.971382857129,7,0
35,2,4,2285.534270913609,12,0
51,3,3,9183.879984965062,9,0
73,3,2,14101.66967802172,12,0
37,2,4,8665.174980878182,11,0
119,1,3,9055.532120045358,17,0
33,5,4,8411.139507968022,14,0
78,5,3,1509.4174327494106,17,0
38,4,4,5249.710166228584,13,0
118,5,3,1201.988832213112,11,0
96,2,2,4266.716878082284,13,1
99,3,3,0.0,11,0
19,2,4,0.0,15,0
49,1,1,2335.98054904535,13,0
6,3,3,7130.798655593313,14,0
23,1,2,5706.11940271497,12,0
16,3,4,9520.067102839948,18,0
33,3,3,9614.76270200098,15,0
84,3,4,8543.310290297995,8,0
24,5,2,4643.245809764906,10,0
33,3,1,5963.365763585833,12,0
10,4,4,2965.004238914601,12,0
64,2,1,10193.543184291731,14,0
101,2,1,9232.276682088122,9,0
117,3,3,6088.515801841624,10,0
94,5,1,0.0,11,0
52,2,4,585.2856918778762,16,0
27,5,1,4752.588417703531,12,0
110,3,1,14981.472132860688,13,0
21,1,3,5166.615845966682,10,0
86,2,4,9277.090499030986,20,0
74,3,3,1632.4767246483093,11,0
48,5,4,8915.48774824649,15,0
30,1,4,8242.432083413234,16,0
7,2,3,1997.3670780995185,16,0
16,2,2,3327.201399067788,13,0
105,5,4,1763.534775093197,8,0
114,1,2,2987.3514840805283,13,1
117,4,1,2668.2362515101113,14,0
70,3,1,3571.936770809917,16,1
91,4,2,2103.204961986871,13,0
119,3,1,11482.001218795831,8,1
109,4,1,0.0,16,0
14,5,3,4832.111533307198,14,0
98,1,1,5610.760275095114,15,1
108,5,1,3213.8235278663888,13,0
106,5,3,3493.182802083058,12,0
89,2,4,114.34493275051045,16,0
12,5,2,3443.0377452214557,18,0
103,5,2,1306.3386173126405,11,0
97,3,3,8738.39804812954,11,0
119,3,3,7059.150175946605,12,0
53,5,2,270.14790726538104,11,0
74,2,4,9848.203747793475,11,0
69,4,1,13617.865354032076,5,0
15,5,1,10321.060694590406,13,0
83,4,2,6585.333330819603,16,0
42,3,3,7173.022255514162,11,0
51,3,4,5092.512228401846,9,0
95,5,4,7941.393436419679,10,0
73,5,3,9698.151048868327,14,0
103,1,1,7650.644327585665,6,1
49,4,1,821.2961008692164,9,0
17,2,3,5035.008512125243,13,0
16,5,2,2216.67689541957,9,0
109,4,3,9213.524792162036,14,0
25,2,4,3436.933272068753,10,0
45,2,4,2386.902542241072,9,0
74,2,3,0.0,13,0
65,3,4,3155.885876863017,17,0
43,5,1,7266.645255237478,13,0
97,4,3,0.0,12,0
112,3,2,1275.8465937632286,16,0
55,4,4,3943.6107864139985,7,0
77,3,2,10446.363585431021,20,0
92,1,2,6686.174074486114,13,1
68,4,1,5468.960999415342,9,0
43,1,4,312.30150069977026,7,0
34,1,3,11146.645339169052,12,1
36,3,2,10263.11772445717,12,0
58,3,2,7835.551368054146,10,1
27,3,3,0.0,8,0
20,5,1,1565.5517089192726,13,0
73,2,1,9675.656658039734,8,1
30,5,1,8275.908075580839,11,0
53,3,3,294.86703586641306,13,0
72,3,1,1497.70127712666,16,0
62,3,4,3403.4205878522453,9,1
35,5,3,9830.564774846505,14,0
88,3,3,4598.358279324933,4,0
22,3,4,13774.558457485402,14,0
20,2,3,6909.471562280385,14,0
27,2,3,9573.345643024797,17,0
39,1,2,7973.016152458895,14,0
18,4,4,6152.1642103468375,10,0
67,5,3,0.0,11,0
50,1,4,7393.395716210714,11,0
11,2,3,8019.374558127416,8,0
84,3,2,7708.822511498322,11,0
100,1,4,3945.8353903078773,15,0
21,1,1,1816.1037328569091,8,0
112,5,4,1714.3918446572675,9,0
85,5,2,2827.1222697196763,7,0
68,1,3,8995.495706947408,12,0
71,1,4,5646.3466740930335,12,0
19,5,2,2618.7093058120095,16,0
42,3,4,8525.659381250272,13,0
46,5,1,1746.2120200124564,11,0
75,2,2,5773.522566720108,7,1
97,1,3,0.0,10,0
59,3,1,6986.750584680806,12,0
88,1,3,1152.2459149504684,14,0
94,1,2,1008.518161119076,12,0
65,5,2,7749.798332626289,9,0
18,2,3,4389.6646661360855,9,1
118,4,3,8809.920036210457,10,0
26,4,3,10031.608950512735,12,0
90,4,3,1094.6677492936365,11,0
85,1,4,9351.778015531092,14,0
33,4,2,3045.470559998328,13,0
75,4,3,6153.0210982599565,20,0
118,5,3,6493.149847425276,11,0
85,1,1,0.0,14,0
116,2,4,4143.797246434431,12,0
8,2,4,6283.913591747876,6,0
6,5,1,2436.072561366058,9,0
106,3,2,14194.329371161099,12,0
117,3,3,1763.6806339310897,16,0
81,3,1,683.8127596158893,20,0
15,3,1,3574.1306391113712,14,0
75,3,3,2279.4149589951467,12,0
25,3,3,1913.7968737783349,15,0
58,4,2,2257.8298060919033,14,0
112,4,2,6161.141779542568,18,0
49,4,3,7733.257948771488,16,0
48,2,1,7050.937631101375,19,1
23,1,3,1029.3959067125606,11,0
13,2,4,0.0,16,0
93,1,1,14646.247579292633,11,1
35,5,2,0.0,16,0
48,5,1,12019.554808376744,5,0
102,2,1,13924.602734236329,15,0
51,3,2,8671.933153736756,15,0
75,5,3,0.0,14,0
53,5,3,0.0,8,0
119,3,2,6593.197374714758,13,0
113,4,4,7244.060503338458,7,0
45,2,3,9968.853763273171,14,0
47,3,1,8777.532172441857,17,0
61,5,4,7151.012632399984,15,0
64,4,1,8453.67993587835,29,0
46,1,2,9506.879309046366,14,1
79,1,2,2357.4086237960655,6,0
44,4,1,5170.830124827025,10,0
27,4,1,5517.008738503537,9,0
56,1,1,8231.021349240604,8,1
12,3,1,6343.516383873236,12,0
62,1,2,7322.331848779299,14,1
119,3,1,6747.356709515056,17,0
76,4,4,12185.68853969833,13,0
71,1,2,2864.0737722903054,12,1
55,2,4,3074.594322661849,12,0
26,5,4,7484.254368130798,8,0
98,2,2,488.4609808479954,14,0
6,3,1,7580.247617869762,15,0
54,3,2,9597.910098930915,9,0
46,1,4,12485.439938422554,13,0
64,5,2,9520.227236006001,11,0
74,3,2,12055.226760692027,12,0
76,5,4,8690.407513897637,17,0
9,1,3,3246.8765377869668,15,0
71,5,4,2439.447240983432,12,0
84,2,4,0.0,7,0
88,5,2,3403.039686550303,12,0
103,2,2,6307.603510762662,8,1
59,4,4,8974.35363780285,17,0
28,5,2,2519.3201716048966,9,0
102,1,2,665.2366262187616,11,1
101,5,4,2122.713506534044,14,0
103,2,4,11865.047373952992,16,0
93,1,1,3755.1808517223335,13,1
40,4,3,2823.3548699121357,15,0
17,4,2,5830.148196583525,17,0
60,1,4,0.0,6,0
55,4,3,3446.610709986913,17,0
58,5,1,11164.019911448238,11,0
115,3,4,7070.5894646124,11,0
47,2,3,3339.7096820713214,11,0
22,5,2,2340.6344763912,12,0
101,1,1,511.7267634228456,14,0
85,5,2,16562.264167977683,9,0
90,5,2,5752.501043397173,15,0
93,2,3,3418.575444594965,8,0
114,1,3,301.88786006803457,16,0
107,2,1,3024.8680818601347,7,1
47,3,4,5045.139110791592,14,0
50,2,1,11141.39595543136,9,0
55,2,1,7323.0363939366525,10,0
20,4,1,5696.3079662585005,15,1
86,1,2,8562.377363893,13,0
76,3,1,6748.862607149287,13,0
22,5,2,3344.8786538466275,17,0
108,2,1,2558.567833731419,16,0
115,2,4,9516.151651406555,19,0
96,2,1,7731.669003116456,15,1
108,3,2,3141.003324476671,23,0
106,4,2,0.0,11,0
26,5,3,10199.421079646892,16,0
59,2,4,6351.619155148155,8,0
13,1,1,10410.184814623448,4,1
111,2,1,8546.298018612926,8,0
31,4,4,6284.060177770203,17,0
72,1,4,8839.2872594137,13,0
72,2,1,8450.138433583379,13,0
58,2,3,5036.182328994516,7,0
45,1,4,4282.383695138732,17,0
118,3,2,10113.56810576972,24,0
102,3,1,5267.583658574258,18,0
19,2,1,4930.1720805934965,13,0
64,5,3,688.3695618669308,11,0
7,5,1,5885.023149994927,12,0
32,1,2,11967.375672348835,8,0
77,2,3,9479.148443275833,11,1
71,5,4,4475.013396633539,14,0
29,1,4,2658.17652859308,21,0
79,1,1,5049.734741235339,9,0
24,4,2,11501.84170330003,7,1
67,2,3,3302.842098946716,13,0
41,3,1,5222.47271285888,14,0
26,1,4,0.0,8,0
46,2,3,3300.7920558136316,14,0
13,3,4,2086.042829742654,11,0
46,2,2,3015.938226850897,8,0
10,5,2,9105.43150191799,7,0
63,2,4,9125.499099383786,11,0
30,3,2,2034.0763960963727,15,0
14,5,4,1947.8843778337437,9,0
44,1,4,6150.778674367648,16,0
17,5,3,756.2018750791758,7,0
76,2,3,5054.557488963911,13,0
54,2,3,4866.619378568142,6,0
116,3,1,7906.631366517846,12,0
119,3,2,2164.5683969966854,11,0
43,1,2,6661.214830242697,14,0
119,4,2,3442.68856916768,11,0
37,3,2,5527.618092326931,15,0
20,4,2,4842.075968281332,5,0
47,5,1,0.0,16,0
56,5,1,10882.172500870223,12,0
43,1,1,0.0,12,1
21,3,2,2871.5443281618195,17,0
85,5,1,7259.489805358278,12,0
84,5,4,8126.425765180087,10,0
88,3,4,2762.3223431449887,10,0
40,2,2,1478.4949406835926,8,0
87,1,4,3176.4910005868546,18,0
100,1,3,0.0,12,0
100,3,3,5579.516907551642,11,0
72,5,1,10686.632076623951,9,0
70,3,3,1119.374026848055,17,0
78,4,1,510.67102349395554,5,0
72,3,2,10009.995579663439,13,1
11,1,4,3087.4808707223674,15,0
34,5,1,4655.468801632157,15,0
112,5,3,8990.779615610822,16,0
51,2,3,8122.146998424877,10,1
76,3,4,4938.027592408522,12,0
23,1,1,6589.461778820817,14,0
60,3,1,1036.5135694185342,11,0
109,3,1,13084.479230704761,9,0
40,4,1,0.0,15,0
93,5,4,9096.69138276977,15,0
44,1,3,3017.609985265879,10,0
76,1,4,3212.6083139943507,10,0
10,2,2,9618.200353158736,14,0
114,2,4,0.0,8,0
45,4,4,4799.066221002348,13,0
27,5,2,10801.83653038264,9,0
87,2,3,4939.351303536863,9,1
29,5,1,4077.7381795993238,11,0
114,5,3,702.6479438678762,8,0
50,2,2,9643.09784661479,6,1
58,1,2,3368.6182416071806,9,0
16,2,3,3867.5279484346065,17,0
115,5,3,5897.143263539529,16,0
94,2,4,2822.187088033669,4,0
46,2,1,6406.788032655703,8,0
85,5,4,0.0,15,0
26,2,1,2964.059481694967,6,0
67,3,2,6088.837245756153,8,0
90,4,1,818.3026180820707,10,0
28,3,4,3254.2661003839776,5,0
48,5,3,0.0,11,0
66,2,3,6641.3361775476515,13,0
67,2,1,1226.2372802736909,8,0
18,2,2,7079.453782528645,10,1
104,5,1,8847.808589049224,10,0
90,3,1,8234.120421116988,13,0
20,3,4,5555.739192483796,15,0
106,2,1,6003.831414591145,9,0
12,5,3,12743.16722573613,13,0
22,3,3,7080.509111073468,14,0
93,3,4,783.8534733396991,11,0
73,4,2,1685.3676131216748,7,0
38,2,3,6583.454620138049,10,0
70,1,2,9758.8334351485,18,0
67,1,1,3982.0294481503493,7,0
118,2,1,812.0050961444113,10,0
50,4,3,2443.0508648017335,11,0
56,1,2,0.0,11,1
82,3,2,69.80653469688332,12,0
30,2,3,3655.146654370862,17,0
89,5,3,2840.4091234555913,14,0
34,5,4,7833.141409848732,11,0
18,2,3,4323.853176398518,15,0
75,4,1,10719.113118459003,13,0
35,2,4,0.0,12,0
110,3,3,5689.895363359561,9,0
47,3,1,5847.214948988418,9,0
107,2,4,3008.114011849897,11,0
74,4,1,1452.2061420423615,13,0
83,1,3,6659.774727480076,11,1
117,1,2,7730.331567342855,11,0
93,2,4,1503.4760575550013,14,0
37,5,1,7966.877805641557,9,0
101,2,4,0.0,11,0
67,5,3,10762.877791893992,14,0
86,4,1,3457.730877755599,9,0
95,4,3,6337.033548675647,10,0
31,1,1,7541.317510174345,13,1
54,4,1,9333.890303617089,17,0
56,3,1,12182.948476855327,12,0
6,5,2,10355.790113527979,4,0
37,5,3,5243.859469337001,15,0
41,3,2,5836.75802866125,11,0
68,1,4,6817.888617781026,15,0
18,4,4,1642.348975498599,11,0
17,4,3,6928.572251503952,14,0
43,5,3,2316.665495116942,12,0
85,3,1,3870.059479380716,14,0
85,2,2,10961.878692901526,10,0
72,3,3,9169.360035400117,11,0
112,3,4,5342.160927954129,14,0
55,1,3,1270.5479834870885,11,0
106,1,3,860.2407674293518,18,0
59,5,2,2976.7013934139522,9,0
33,4,4,0.0,11,0
74,3,3,3622.5252192273683,8,0
19,1,3,5409.860562314702,10,1
91,1,3,0.0,12,0
54,1,2,0.0,8,0
98,3,1,0.0,11,0
100,5,1,4576.806263557033,14,0
17,2,3,6986.59198387783,15,0
41,4,3,6237.019135099389,13,0
61,4,3,0.0,17,0
67,4,4,4077.5163281832192,12,0
84,4,3,282.47840200352493,11,0
23,1,4,6784.9455170707315,12,0
97,4,1,5417.39153143578,15,0
54,1,3,10016.786556504125,10,0
68,1,2,2395.1080373460395,20,0
73,5,3,0.0,19,0
84,3,2,9093.217575122717,14,0
72,3,3,8331.897996437985,10,0
47,2,4,2234.6461701935436,9,0
36,3,2,4407.954539473562,12,0
86,5,4,4769.3211537239895,18,0
73,1,4,0.0,14,0
13,2,2,9840.534386174439,16,0
78,1,4,4900.751862000063,6,0
56,3,1,6676.785845494104,9,0
71,5,3,6708.95025978258,19,0
71,3,2,5411.162014064406,15,0
53,5,1,0.0,13,0
21,3,1,6567.568084083395,14,0
51,5,3,3703.1909021232714,13,0
13,2,3,1451.4261945239105,7,0
39,2,2,8826.538343668733,5,0
83,1,4,12865.039624456795,9,0
55,2,2,0.0,10,0
119,1,4,5012.065338603766,15,0
61,4,2,5264.677232943219,12,0
116,3,4,8696.94108021456,13,0
22,5,3,3269.6337819882892,15,0
80,5,4,7309.631881175578,14,0
30,2,1,8155.727501708248,8,0
35,1,2,6073.913383329035,14,1
119,3,1,5982.724553463926,10,0
81,3,3,1910.8282092090417,6,0
14,4,3,8305.209038805997,14,0
72,1,2,388.0742610081752,21,0
70,3,2,5357.543356085778,5,0
22,4,4,7884.224353751251,12,0
71,2,3,0.0,13,0
83,5,3,2953.134215075611,13,0
78,3,2,8337.865225741212,8,0
48,1,1,515.2077640879106,10,0
31,5,4,12333.300948117278,8,0
29,3,1,12779.955522696673,11,0
16,3,4,103.55623984479644,13,0
115,3,2,13495.762705794787,7,0
59,4,4,2586.9539145318163,16,0
9,2,2,15243.997475840339,9,1
69,1,3,2353.9286610524855,14,0
54,3,1,3300.7039316550645,11,0
82,1,4,4434.337903532217,13,1
56,2,3,0.0,10,0
86,1,4,12361.801932143404,9,0
100,1,1,7277.690719900926,15,1
72,2,4,9420.35487839196,14,0
33,4,4,7349.800620342112,12,0
30,4,1,8491.34362437636,10,0
65,2,4,0.0,16,0
83,1,1,2281.7786977084575,11,1
64,5,4,4312.721756553002,10,0
13,5,1,2165.0204234489324,11,0
105,3,2,4034.1006746310695,10,0
57,4,3,7581.03980472253,10,0
98,1,2,0.0,8,1
59,2,3,8153.321861842533,7,0
83,5,4,3472.1184659863193,14,0
48,4,3,7842.898823480873,10,0
116,1,2,0.0,13,0
9,5,4,814.003941363746,8,0
88,2,3,7393.669041362125,7,0
115,5,3,0.0,14,0
60,4,3,1783.5893563905788,11,0
42,3,2,3214.1218112574898,19,0
62,3,4,5614.486138285505,11,0
83,2,1,6005.639661193277,8,0
91,2,4,2910.734704345582,13,0
110,2,1,5843.439144272608,8,1
99,3,4,10250.276181138204,7,0
79,1,2,2793.535035021906,9,0
22,2,1,0.0,14,0
47,2,3,11592.047725129758,13,0
99,1,2,10429.37674500547,7,0
103,2,4,9991.79438069052,11,0
70,1,1,4601.689092333718,7,0
98,3,2,7487.194286579155,9,0
104,1,3,6248.846407383537,8,1
21,5,1,1037.5026615695738,19,0
6,3,3,2187.0535980072427,14,0
64,4,1,5989.505432615561,24,0
41,1,4,9198.602314718084,16,0
62,3,4,2559.4473391008673,15,0
63,2,1,228.96349820472278,16,0
57,3,3,4261.151765398508,10,0
114,5,4,4655.15719154217,12,0
7,5,2,5086.323791819668,10,0
23,1,2,6820.390600531671,14,1
63,4,1,3126.5290030246924,13,0
19,1,3,3815.580525066924,14,0
116,1,3,3170.798423741892,11,0
39,5,1,9743.20027426019,13,0
110,5,2,3260.8634523929695,9,0
95,2,4,6103.626618294162,12,0
72,3,4,0.0,15,0
60,2,3,6838.305093880576,15,0
115,3,2,0.0,17,0
93,2,4,9353.07967366467,14,0
88,2,3,0.0,14,0
89,5,4,0.0,9,0
25,1,1,3092.731260025362,22,0
100,1,2,3287.828945693467,8,0
31,3,3,4759.522330362443,22,0
111,4,4,1906.8433270478722,11,0
22,5,4,2770.260234761975,13,0
39,3,2,210.83330598693283,16,0
8,4,4,5631.825187028775,11,0
90,1,4,5672.650407886845,10,1
17,5,2,1841.7297892668298,17,0
110,2,4,5634.9449971833765,8,0
23,1,1,5335.381255448682,17,1
83,5,3,1744.7080186462981,9,0
69,3,4,4083.4464298206985,13,0
32,1,1,7622.67259459773,6,1
18,2,2,3603.8882752753134,7,0
37,5,4,8815.396674753061,20,0
61,3,2,5575.892067253859,13,0
103,3,3,10209.712387628724,11,0
95,3,4,4959.403774527672,14,0
67,5,1,3852.5406617708977,15,0
17,4,3,8275.138741223931,19,0
79,2,3,9790.413502190047,8,0
102,1,3,5841.951616347351,11,1
82,3,2,2194.298002137639,9,0
50,2,2,7867.24653207007,6,1
106,1,3,11161.369666551265,12,0
83,1,2,0.0,9,1
114,5,2,10929.472478811567,17,0
110,1,4,12530.576159820033,11,0
84,1,4,7254.579459667778,5,0
111,3,2,8746.816290697954,12,0
19,3,3,1643.6415550362035,16,0
85,4,3,3770.6106100296533,10,0
13,5,2,6700.616589198163,12,0
104,1,2,6007.286311013806,11,0
13,5,3,898.5386999270268,12,0
22,5,3,3868.9669294364485,12,0
61,2,4,0.0,12,0
85,4,4,2009.1185400812778,16,0
51,3,3,3749.531995906777,15,0
25,2,3,3802.0541537559343,6,0
50,4,1,1592.6506250443795,12,1
110,3,1,0.0,13,0
74,3,1,1733.0491797596474,13,0
26,1,2,3339.411185030277,8,1
22,5,2,5517.715244232486,13,0
32,5,3,5803.479275568916,11,0
116,3,3,4484.313885166394,16,0
24,2,2,7216.662620844217,15,0
57,4,3,3819.7971066823466,8,0
47,4,4,9032.339759649058,14,0
87,1,4,6372.191236545242,14,0
34,4,4,4760.107973968301,9,0
57,5,3,0.0,8,0
57,5,2,7446.59877495757,10,0
61,4,1,9356.201594440881,10,0
106,3,4,5664.552285409457,13,0
83,4,3,7677.278230856276,15,0
23,3,4,7801.516931619799,11,0
117,3,2,4351.55398986775,14,0
72,5,4,13409.182190229332,16,0
95,3,2,15374.652463482897,14,0
72,2,2,5337.45099651947,13,0
107,3,2,7593.287530723268,12,0
76,3,1,5649.805663782237,12,0
21,4,2,4410.633158284019,10,0
103,1,1,8105.404324534212,14,0
29,4,2,6574.267769785549,8,0
44,1,4,0.0,11,0
100,3,3,0.0,14,0
7,5,2,2780.069753456784,13,0
32,4,3,9440.969944890396,14,0
60,2,3,6086.949484062705,9,0
26,4,2,178.80762580912597,9,0
55,5,3,3423.522605420765,9,0
48,5,3,1664.823064917582,18,0
93,4,2,4324.596639246758,10,0
101,4,1,7844.355612887548,21,0
112,3,4,0.0,12,0
108,2,3,11033.71745767421,13,0
52,1,2,0.0,11,1
106,2,4,11348.201951136014,11,0
45,5,2,8179.173595893672,13,0
60,5,1,12446.336458529218,18,0
20,3,1,0.0,9,0
69,3,2,12755.089700887487,10,0
64,2,4,4982.864212428021,12,0
45,4,1,4977.818885258702,14,0
76,4,4,8758.819660215539,18,0
90,4,1,7159.802869843693,11,0
41,2,2,3019.8167067338454,10,1
6,4,4,5024.039134445115,14,0
86,2,1,7113.36531371,13,0
56,1,2,0.0,10,0
73,5,3,4811.008947102592,10,0
37,5,3,6288.2738065653575,12,0
40,4,4,9191.958604199863,16,0
29,4,1,4047.4025875192556,9,0
31,4,1,5406.202051519528,16,0
47,3,2,7562.5709486584165,12,0
7,2,2,4905.396707589024,7,0
84,4,1,11321.89990841195,12,0
38,3,3,3423.199665257758,16,0
45,3,4,7032.828628035259,9,0
93,3,2,9252.049581450934,14,1
52,5,3,5502.8373542028985,16,0
31,4,4,5292.829239913769,9,0
70,2,1,4091.576245218943,12,0
8,3,2,10698.967358197078,21,0
104,5,3,1948.488281300586,18,0
27,3,2,9516.642440105974,10,1
118,3,4,4444.622846947591,12,0
85,1,3,10285.31669710376,10,0
52,1,4,4721.891029224732,7,0
101,3,1,8996.867633800593,14,0
100,1,4,10323.8365343443,14,0
43,2,4,2616.388503056955,11,0
98,4,1,0.0,16,0
63,2,4,2087.435968248384,5,0
61,3,4,5778.689010538934,20,0
9,1,4,3839.135199208078,20,0
25,5,1,1041.837658189098,15,0
26,3,3,3201.31855066731,7,0
88,4,1,3016.997083254686,11,0
33,4,2,1337.3403548293122,8,0
89,2,2,8004.461351257831,16,1
9,1,1,5934.352314522426,9,1
26,4,2,9189.416909338008,21,0
119,2,3,11910.427289251762,15,0
73,2,1,1483.4493424189377,8,1
11,1,4,593.3271377184683,10,0
116,1,4,5459.553815161249,16,1
44,1,1,6507.646320668109,13,0
109,2,1,15104.16365981937,11,0
101,1,2,2141.9781761357467,12,1
77,2,1,1641.186473713586,13,0
18,3,3,3991.636645273747,10,0
73,1,4,8331.244298741769,11,0
73,3,1,13789.165666487293,9,0
20,4,2,0.0,15,0
112,5,3,9030.833605574093,12,0
79,4,3,6786.204916050388,8,0
85,3,1,4617.78864594035,7,0
79,3,3,0.0,14,0
113,1,4,0.0,9,0
86,3,3,4095.1746434442275,10,0
107,1,2,10908.710635516265,10,1
88,5,2,0.0,7,0
16,5,4,8910.457461097292,22,0
108,5,2,2531.2535177362315,8,0
89,2,4,9144.925321399394,12,0
29,3,3,2819.261019882066,16,0
49,2,2,7852.981698344052,13,0
93,2,2,7965.639968358702,13,1
48,2,2,472.5299770180354,15,0
83,4,1,6445.773777862613,14,0
33,5,4,3123.5650362152164,12,0
108,2,4,6702.830773468656,6,0
46,2,2,12292.354991792181,7,0
103,3,1,6237.890764455988,10,0
115,4,1,8100.565184930334,15,0
52,3,2,3434.6438241930427,13,0
102,2,3,0.0,15,0
107,1,1,10588.355453563505,20,1
103,3,3,5483.210984819026,11,0
16,5,1,5760.06060878675,14,0
9,4,2,7840.476679253801,13,0
101,4,2,5313.034692554113,12,0
103,5,1,3879.6977481227304,16,0
92,3,4,5561.347673012415,12,0
79,2,2,7347.199972738948,11,0
55,2,2,733.1126994618044,11,0
107,5,1,2982.768529884811,5,0
49,5,3,4300.370580820785,8,0
23,4,2,8778.284009413814,11,0
118,4,3,2129.8189586927797,17,0
38,2,1,9969.344577262907,12,0
33,2,1,6832.039943285088,13,0
29,2,2,0.0,7,0
95,3,2,3212.389031642204,10,0
53,4,3,5947.53778266809,16,0
61,4,2,0.0,9,0
25,2,4,9967.897703700772,17,0
71,1,3,7040.702216113457,9,1
44,5,2,7596.270657490171,11,0
95,3,4,4643.396702573238,12,0
19,3,1,10437.399034386874,13,0
37,1,4,11144.229477122415,11,1
52,5,1,0.0,9,0
56,3,1,6317.016234354058,13,0
105,3,2,3209.309488222695,6,0
65,3,2,6795.7771876031675,19,0
89,3,3,8031.016554142217,10,0
36,4,3,4538.86316715138,8,0
69,1,3,2681.6670666902623,10,0
114,4,2,8954.988233615926,9,0
66,4,2,486.04485844733335,11,0
101,4,1,2717.9742322031225,19,0
23,4,3,9833.38983999765,19,0
46,1,4,14132.47425996448,15,1
84,3,4,2947.394448718585,16,0
87,2,3,7010.184558489509,19,0
11,4,4,1454.8385753796802,10,0
83,1,1,3098.822193239992,10,1
10,2,2,0.0,12,0
119,5,3,4067.082828558291,6,0
79,1,4,8030.643499238341,15,0
27,1,3,2343.0080657499884,7,1
14,2,2,9545.494678684372,10,1
52,4,2,2323.5851340504255,4,0
118,2,4,4033.719237086319,10,0
105,5,2,3239.1285259336273,9,0
16,3,1,4519.871111730527,14,0
36,5,1,2895.703107472804,9,0
30,5,1,10586.000371213991,19,0
27,2,4,8965.325214739287,15,0
101,3,2,6139.391677025336,9,0
29,2,1,16197.58649473537,12,0
36,5,1,9558.706169012048,10,0
7,1,3,0.0,8,0
36,1,4,11957.701051790604,18,1
43,1,1,9886.32860588282,10,1
52,2,4,5319.852952467579,8,0
51,4,3,5656.168519214515,11,0
110,4,3,8806.397981183294,11,0
53,2,2,5523.608548266385,7,1
18,2,4,2686.8817338447225,14,0
96,1,4,9483.544353696907,11,0
20,5,2,6408.82383444653,9,0
64,3,1,3752.786584903044,10,0
48,4,2,11432.172924454157,11,0
69,1,3,3845.119140894522,14,0
84,3,3,6083.723271313976,19,0
54,5,3,1953.83261409746,13,0
99,5,1,8394.813964744057,11,0
49,2,4,7650.529873725041,13,0
84,1,4,2920.388316954792,15,0
74,5,3,3801.066171230372,12,0
96,3,2,14518.440828361452,8,0
117,4,4,0.0,15,0
71,3,1,5598.755292417395,16,0
66,4,2,4386.529975042471,11,0
89,4,3,5774.71087129147,13,0
35,1,1,10364.868293318717,14,0
43,3,4,0.0,8,0
101,5,4,2583.0413697122867,8,0
47,2,2,1166.925129343152,15,1
39,2,1,6291.850479473373,9,1
84,1,3,14967.882550444387,9,0
37,4,4,2099.2346540470476,10,0
22,2,3,3225.085347490266,11,0
102,5,4,1260.2171029599958,18,0
110,2,1,5353.936379594877,9,0
36,3,2,0.0,12,0
74,1,4,9482.253914185349,10,1
56,1,4,0.0,11,0
28,4,2,9436.394761154908,18,0
48,4,2,3189.237061998716,17,0
111,2,1,7257.193374020133,7,0
60,4,1,7308.485512283425,10,1
93,2,3,6676.003980208157,19,0
66,2,3,4126.842506370489,12,0
73,5,4,0.0,8,0
79,5,1,5426.882294426513,11,0
95,5,1,7780.781961231072,9,0
70,5,3,12357.230720865376,10,0
17,3,1,0.0,9,0
104,4,4,5459.90760304112,11,0
55,1,1,1364.8809811001015,17,1
42,2,3,4155.288121682064,10,0
6,3,3,6108.9817256923025,11,0
75,3,3,4373.477505179242,15,0
117,5,3,0.0,21,0
89,4,2,10146.824684259194,15,0
7,3,1,6433.944873488166,13,0
84,3,2,9654.348047015766,14,0
36,2,3,4509.486529552759,15,0
7,4,1,3732.7169646546854,12,0
118,3,1,881.4065562930718,15,0
38,2,1,8531.480017239604,9,1
90,4,3,4217.7645034264415,10,0
50,1,4,9716.629125248375,10,0
8,3,2,5499.568981596257,9,0
17,2,1,1540.5030102281598,12,0
100,2,1,4395.745680694853,9,0
19,3,4,0.0,13,0
53,1,2,2548.115442337389,14,0
25,2,2,8314.154241444554,13,0
95,1,2,5389.334403257314,14,0
98,3,2,8677.52074669796,3,0
46,1,2,7653.798376340387,9,0
62,2,4,8769.545911554082,11,0
101,1,2,2374.474436185886,13,0
69,4,3,5544.063430975996,8,0
26,4,3,8841.968421956764,9,0
113,5,2,11799.755144228322,16,0
40,5,3,5526.42462378052,13,0
100,2,4,7650.740698236976,15,0
93,1,4,3769.912952202475,12,0
74,5,3,0.0,14,0
56,3,2,8450.891774144971,13,0
32,4,1,11760.173887755947,11,0
13,4,3,1810.790390733891,8,0
80,1,4,8287.98148496637,13,1
108,2,1,8674.595980654849,15,0
58,3,1,0.0,14,0
62,1,4,12145.987805715387,17,0
82,5,3,0.0,10,0
15,4,3,0.0,9,0
73,3,2,10150.871618673631,5,1
96,2,3,925.6319739113314,15,0
79,2,3,5429.498657551472,8,0
106,2,3,12205.282551278735,16,0
30,1,4,9058.985883299787,14,1
106,3,2,2731.219446511044,14,0
99,5,1,6120.00379253321,7,0
66,2,3,1630.6417227444636,13,0
23,1,2,3983.224653924316,10,0
32,3,4,1954.5056378451882,10,0
60,4,4,8465.508615122884,15,0
69,4,1,3411.077528518309,16,0
106,2,1,8880.48494212868,12,0
82,4,3,6855.6337861858,11,0
112,5,3,5956.859658625431,11,0
99,5,1,265.6402063622809,15,0
63,4,3,2919.026227721197,12,0
41,2,1,6530.084936425788,9,1
21,1,4,8230.925931133968,15,1
6,1,1,2367.04764363782,15,1
105,3,3,0.0,10,0
48,3,1,14075.775338768219,14,0
22,4,4,3034.0482739405343,16,0
110,5,1,3550.229605738315,11,0
90,1,2,14066.699593138928,13,1
60,3,3,5854.566784497663,5,0
84,4,4,0.0,12,0
92,5,3,3661.5779002387017,12,0
13,4,1,4705.143639781177,9,1
89,1,3,3307.9210602686753,11,1
90,2,1,9349.256903495585,15,0
17,1,1,11812.818609396876,12,1
12,5,1,4755.819187927555,14,0
66,1,4,3216.450201183624,13,0
98,4,2,10579.740789440242,13,0
53,4,4,6245.5253249425,16,0
18,4,4,4129.955855595618,12,0
83,3,3,1539.4179804879873,13,0
19,5,3,11593.672255009413,10,0
117,2,1,2945.5618170434986,9,1
55,2,4,10504.269056167359,17,0
79,5,3,6254.796274047986,14,0
41,2,4,3746.2716708550633,15,0
26,4,3,6374.987789337565,13,0
58,1,2,8650.432494345854,16,1
37,4,3,9670.188565557946,8,0
100,5,2,3054.690302006613,13,0
66,4,3,1152.1053397262422,15,0
10,2,2,7145.699928285529,5,1
26,5,4,458.22380198822066,9,0
42,2,4,4123.893883541496,19,0
51,5,2,2046.1625510044555,11,0
13,3,2,3969.9239902357494,13,0
72,4,1,6024.6748502019145,18,0
31,1,1,0.0,12,0
38,4,2,6578.665260450591,16,0
109,5,4,0.0,14,0
81,2,1,5987.54662764626,10,0
27,3,4,8085.286766283371,15,0
63,3,3,4534.555024349731,14,0
80,4,2,54.4354252701587,8,0
61,5,2,9257.839147524155,16,0
20,4,4,1747.2189846833644,10,0
75,3,3,1481.8797570016104,7,0
36,3,3,696.2649849892096,16,0
117,2,4,9266.923468280362,17,0
110,5,1,12584.01419523379,14,0
53,2,3,510.56549201894177,15,0
83,1,1,3646.5008394278066,21,0
78,5,3,3989.2211100821123,9,0
70,5,4,0.0,14,0
106,4,4,620.5006753359994,13,0
27,1,2,10170.264200274856,12,1
87,2,2,5857.956992986121,17,0
39,4,4,5592.810793073466,11,0
82,5,4,0.0,14,0
105,1,4,421.61616063167094,14,0
97,2,4,0.0,13,0
99,4,3,12663.706891779088,14,0
62,2,1,8244.601472752103,10,0
89,4,3,11148.314862382336,16,0
119,3,3,3194.3479969661244,9,0
40,5,1,6225.295959551089,10,0
28,5,4,0.0,15,0
50,5,4,2622.0601977077804,11,0
18,4,2,10956.430648327572,11,0
112,3,4,165.52736775869562,5,0
32,1,3,12356.13207304968,15,0
89,1,1,8952.134742584409,10,1
109,4,1,7308.2733968139255,14,0
32,3,3,6360.382164402949,15,0
45,5,3,10406.606833073994,9,0
91,1,3,4186.872848912099,9,1
58,3,1,2954.8549750511056,18,0
84,4,3,0.0,13,0
114,2,4,0.0,9,0
66,5,3,6874.285779165876,8,0
8,2,2,8318.76541876377,9,0
72,1,3,0.0,9,0
117,1,1,11848.623245155602,12,0
55,3,1,820.6973604726845,7,0
64,3,4,13642.429185141114,9,0
80,3,3,1562.5282058989505,9,0
48,3,3,0.0,9,0
27,5,3,11856.522851048789,13,0
81,2,1,10947.607903445902,8,0
79,4,1,9347.09183361139,10,0
35,3,3,0.0,16,0
105,5,3,1570.5699241945927,7,0
94,1,3,5224.737849453982,9,0
107,2,3,6822.983695932351,7,0
94,3,3,7618.208031505493,11,0
100,4,3,5969.753697774306,12,0
54,1,4,0.0,13,0
82,1,1,7188.188690657553,12,1
29,1,2,2409.0637048634308,6,1
41,5,1,8751.074981500264,12,0
59,3,4,16407.987886169638,9,0
101,5,3,8642.891089912564,10,0
44,5,2,4313.268272435747,11,0
110,5,1,6315.091296919663,13,0
109,1,3,11395.323874809712,10,1
91,1,4,6328.328736710009,12,0
30,3,3,7049.529359777588,11,0
48,5,3,8139.824004566804,14,0
107,3,2,2690.620842919854,11,0
26,3,4,4675.205917964066,13,0
28,1,1,3544.0869294380227,14,0
98,2,2,1611.8461765249826,7,0
74,4,1,7851.053189193892,16,0
86,4,2,4815.209543387324,18,0
101,3,1,3267.2428892091207,14,0
31,4,1,4362.037925255693,11,0
89,1,1,6696.74887051764,13,0
55,4,3,0.0,10,0
93,2,2,11726.604097440519,9,0
79,3,2,7087.320547007701,13,0
114,1,4,7121.474725319125,13,0
109,2,3,7698.0934302981605,15,0
70,2,2,4997.957161032151,8,1
33,3,3,4702.093283538668,17,0
116,5,1,4147.74316826145,14,0
50,3,1,2697.438783521045,18,0
43,4,3,6414.834952088015,7,0
75,1,2,2954.5200129779532,12,0
34,3,4,4942.609464025256,7,0
60,1,4,12187.655399279854,17,0
46,5,2,8183.315197428455,11,0
86,4,1,2309.3941858528706,16,0
23,4,3,5195.422246119979,13,0
87,2,1,2519.5412052703987,13,0
69,4,1,4392.2814012418785,8,0
37,3,2,9875.767469793755,10,0
87,5,1,2430.398196045385,6,0
65,5,1,0.0,11,0
47,3,3,5891.766537253709,12,0
69,2,3,9746.818972123692,15,1
72,5,4,2770.853500410456,10,0
33,4,3,5262.164988757938,14,0
29,1,1,4696.834365782405,8,0
112,1,4,2435.525198662056,13,0
69,3,2,3145.297194510067,16,0
45,4,3,4364.105219964812,14,0
